t_ks,x_ks,B_ks,t_HR,x_HR,B_HR,t_AHR,x_AHR,B_AHR,t_H2R,x_H2R,B_H2R,t_AH2R,x_AH2R,B_AH2R,t_H.5R,x_H.5R,B_H.5R,t_AH.5R,x_AH.5R,B_AH.5R
0,0,0.0001,0,0,0.0002,0,0,0.00007,0,0,0.0001,0,0,0.00009,0,0,0.0002,0,0,0.00005
0.05,0,,0.05,0,,0.05,0,,0.05,0,,0.05,0,,0.05,0,,0.05,0,
0.1,0,0.0001,0.1,0,0.0002,0.1,0,0.00007,0.1,0,0.0001,0.1,0,0.00009,0.1,0,0.0002,0.1,0,0.00004
0.15,0,,0.15,0,,0.15,0,,0.15,0,,0.15,0,,0.15,0,,0.15,0,
0.2,0,0.0001,0.2,0,0.0002,0.2,0,0.00007,0.2,0,0.0001,0.2,0,0.00009,0.2,0,0.0002,0.2,0,0.00004
0.25,0,,0.25,0,,0.25,0,,0.25,0,,0.25,0,,0.25,0,,0.25,0,
0.3,0,0.0001,0.3,0,0.0002,0.3,0,0.00007,0.3,0,0.0001,0.3,0,0.00009,0.3,0,0.0002,0.3,0,0.00004
0.35,0,,0.35,0,,0.35,0,,0.35,0,,0.35,0,,0.35,0,,0.35,0,
0.4,0,0.0001,0.4,0,0.0002,0.4,0,0.00007,0.4,0,0.0001,0.4,0,0.00009,0.4,0,0.0002,0.4,0,0.00004
0.45,0,,0.45,0,,0.45,0,,0.45,0,,0.45,0,,0.45,0,,0.45,0,
0.5,0,0.0001,0.5,0,0.0002,0.5,0,0.00007,0.5,0,0.0001,0.5,0,0.00009,0.5,0,0.0002,0.5,0,0.00004
0.55,0,,0.55,0,,0.55,0,,0.55,0,,0.55,0,,0.55,0,,0.55,0,
0.6,0,0.0001,0.6,0,0.0002,0.6,0,0.00007,0.6,0,0.0001,0.6,0,0.00009,0.6,0,0.0002,0.6,0,0.00004
0.65,0,,0.65,0,,0.65,0,,0.65,0,,0.65,0,,0.65,0,,0.65,0,
0.7,0,0.0001,0.7,0,0.0002,0.7,0,0.00007,0.7,0,0.0001,0.7,0,0.00009,0.7,0,0.0002,0.7,0,0.00004
0.75,0,,0.75,0,,0.75,0,,0.75,0,,0.75,0,,0.75,0,,0.75,0,
0.8,0,0.0001,0.8,0,0.0002,0.8,0,0.00007,0.8,0,0.0001,0.8,0,0.00009,0.8,0,0.0002,0.8,0,0.00004
0.85,0,,0.85,0,,0.85,0,,0.85,0,,0.85,0,,0.85,0,,0.85,0,
0.9,0,0.0001,0.9,0,0.0002,0.9,0,0.00007,0.9,0,0.0001,0.9,0,0.00008,0.9,0,0.0002,0.9,0,0.00004
0.95,0,,0.95,0,,0.95,0,,0.95,0,,0.95,0,,0.95,0,,0.95,0,
1,0,0.0001,1,0,0.0002,1,0,0.00007,1,0,0.0001,1,0,0.00008,1,0,0.0002,1,0,0.00004
1.05,0,,1.05,0,,1.05,0,,1.05,0,,1.05,0,,1.05,0,,1.05,0,
1.1,0,0.0001,1.1,0,0.0002,1.1,0,0.00007,1.1,0,0.0001,1.1,0,0.00009,1.1,0,0.0002,1.1,-0.00004375,0.00004
1.15,0,,1.15,0,,1.15,0,,1.15,0,,1.15,0,,1.15,0,,1.15,0.00048125,
1.2,0,0.0001,1.2,0,0.0002,1.2,0,0.00007,1.2,0,0.0001,1.2,0,0.00009,1.2,0,0.0002,1.2,0.0004375,0.00004
1.25,0,,1.25,0,,1.25,0,,1.25,0,,1.25,0,,1.25,0,,1.25,0.00035,
1.3,0,0.0001,1.3,0,0.0002,1.3,0,0.00007,1.3,0,0.0001,1.3,0,0.00009,1.3,0,0.0002,1.3,0.00021875,0.00004
1.35,0,,1.35,0,,1.35,0,,1.35,0,,1.35,0,,1.35,0,,1.35,0.000175,
1.4,0,0.0001,1.4,0,0.0002,1.4,0,0.00007,1.4,0,0.0001,1.4,0,0.00009,1.4,0,0.0002,1.4,0.00021875,0.00005
1.45,0,,1.45,0,,1.45,0,,1.45,0,,1.45,0,,1.45,0,,1.45,0.000525,
1.5,0,0.0001,1.5,0,0.0002,1.5,0,0.00007,1.5,0,0.0001,1.5,0,0.00008,1.5,0,0.0002,1.5,0.0006125,0.00005
1.55,0.00013125,,1.55,0,,1.55,0,,1.55,0,,1.55,0,,1.55,0,,1.55,0.0007,
1.6,0.00021875,0.0001,1.6,0,0.0002,1.6,0,0.00007,1.6,0,0.0001,1.6,0,0.00008,1.6,0,0.0002,1.6,0.0007875,0.00005
1.65,0.00021875,,1.65,0,,1.65,0,,1.65,0,,1.65,0,,1.65,0,,1.65,0.00091875,
1.7,0.0002625,0.0001,1.7,0,0.0002,1.7,0.00004375,0.00007,1.7,0,0.0001,1.7,0.00004375,0.00008,1.7,0.00013125,0.0002,1.7,0.001,0.00005
1.75,0.0002625,,1.75,0,,1.75,0.00004375,,1.75,0,,1.75,0.0002625,,1.75,0,,1.75,0.001,
1.8,0.0002625,0.0001,1.8,0,0.0002,1.8,0.0000875,0.00007,1.8,0.000175,0.0001,1.8,0.0002625,0.00008,1.8,0.000175,0.0002,1.8,0.001,0.00005
1.85,0.0002625,,1.85,0,,1.85,0.0000875,,1.85,0.00013125,,1.85,0.0002625,,1.85,0.000175,,1.85,0.0011,
1.9,0.00035,0.0001,1.9,0,0.0002,1.9,0.0000875,0.00007,1.9,-0.0004375,0.0001,1.9,0.00030625,0.00008,1.9,0.000175,0.0002,1.9,0.0014,0.00005
1.95,0.00035,,1.95,0,,1.95,0.00004375,,1.95,-0.0011,,1.95,0.00030625,,1.95,0.00030625,,1.95,0.0016,
2,0.00035,0.0001,2,0,0.0002,2,0.0000875,0.00007,2,-0.0017,0.0001,2,0.00030625,0.00009,2,0.00030625,0.0002,2,0.0017,0.00005
2.05,0.00035,,2.05,0,,2.05,0.0000875,,2.05,-0.0019,,2.05,0.00030625,,2.05,0.00030625,,2.05,0.0017,
2.1,0.00039375,0.0001,2.1,0,0.0002,2.1,0.0000875,0.00006,2.1,-0.0021,0.0001,2.1,0.00030625,0.00008,2.1,0.00030625,0.0002,2.1,0.0018,0.00005
2.15,0.0004375,,2.15,0,,2.15,0.0000875,,2.15,-0.0021,,2.15,0.00035,,2.15,0.00030625,,2.15,0.0021,
2.2,0.0004375,0.0001,2.2,0,0.0002,2.2,0.0000875,0.00007,2.2,-0.0021,0.0001,2.2,0.00035,0.00009,2.2,0.00030625,0.0002,2.2,0.0026,0.00005
2.25,0.0006125,,2.25,0,,2.25,0.00013125,,2.25,-0.0022,,2.25,0.00035,,2.25,0.00030625,,2.25,0.0031,
2.3,0.0009625,0.0001,2.3,0.0000875,0.0002,2.3,0.00021875,0.00007,2.3,-0.0022,0.0001,2.3,0.00035,0.00009,2.3,0.00035,0.0002,2.3,0.0037,0.00005
2.35,0.0013,,2.35,-0.00013125,,2.35,0.00039375,,2.35,-0.0022,,2.35,0.00039375,,2.35,0.00035,,2.35,0.0042,
2.4,0.0018,0.0001,2.4,-0.00013125,0.0002,2.4,0.0007875,0.00007,2.4,-0.0022,0.0001,2.4,0.0004375,0.00008,2.4,0.00030625,0.0002,2.4,0.0049,0.00005
2.45,0.0025,,2.45,-0.00004375,,2.45,0.0013,,2.45,-0.0022,,2.45,0.0004375,,2.45,0.00030625,,2.45,0.0056,
2.5,0.0032,0.0001,2.5,-0.00004375,0.0002,2.5,0.0018,0.00007,2.5,-0.0022,0.0001,2.5,0.00048125,0.00009,2.5,0.00030625,0.0002,2.5,0.0064,0.00005
2.55,0.0037,,2.55,-0.00004375,,2.55,0.0024,,2.55,-0.0022,,2.55,0.0007,,2.55,0.00030625,,2.55,0.0072,
2.6,0.0042,0.0001,2.6,-0.00004375,0.0002,2.6,0.0032,0.00007,2.6,-0.0022,0.0001,2.6,0.001,0.00009,2.6,0.00035,0.0002,2.6,0.0079,0.00005
2.65,0.0045,,2.65,-0.00004375,,2.65,0.0042,,2.65,-0.0022,,2.65,0.0016,,2.65,0.00039375,,2.65,0.0086,
2.7,0.0047,0.0001,2.7,-0.00004375,0.0002,2.7,0.0054,0.00008,2.7,-0.0022,0.0001,2.7,0.0024,0.00009,2.7,0.000525,0.0002,2.7,0.0093,0.00005
2.75,0.005,,2.75,-2.0329E-20,,2.75,0.007,,2.75,-0.0022,,2.75,0.0034,,2.75,0.00083125,,2.75,0.01,
2.8,0.0054,0.0001,2.8,-0.00004375,0.0002,2.8,0.0089,0.00008,2.8,-0.0022,0.0001,2.8,0.0045,0.00009,2.8,0.0014,0.0002,2.8,0.0108,0.00006
2.85,0.0057,,2.85,-0.00004375,,2.85,0.0107,,2.85,-0.0022,,2.85,0.0057,,2.85,0.0022,,2.85,0.0117,
2.9,0.0059,0.0001,2.9,-0.00004375,0.0002,2.9,0.0125,0.00008,2.9,-0.0022,0.0001,2.9,0.0069,0.00009,2.9,0.0032,0.0002,2.9,0.0126,0.00006
2.95,0.0063,,2.95,-0.00004375,,2.95,0.0143,,2.95,-0.0022,,2.95,0.008,,2.95,0.0045,,2.95,0.0138,
3,0.0066,0.0001,3,-0.00004375,0.0002,3,0.0164,0.00009,3,-0.0021,0.0001,3,0.0092,0.0001,3,0.0057,0.0002,3,0.0152,0.00006
3.05,0.007,,3.05,-0.00004375,,3.05,0.0188,,3.05,-0.0021,,3.05,0.0104,,3.05,0.0069,,3.05,0.0168,
3.1,0.0078,0.0001,3.1,-0.00004375,0.0002,3.1,0.0213,0.0001,3.1,-0.0021,0.0001,3.1,0.0115,0.0001,3.1,0.0081,0.0002,3.1,0.0184,0.00006
3.15,0.0086,,3.15,-0.0000875,,3.15,0.0238,,3.15,-0.0017,,3.15,0.0126,,3.15,0.0092,,3.15,0.02,
3.2,0.0095,0.0001,3.2,-0.0000875,0.0002,3.2,0.0262,0.0001,3.2,-0.0014,0.0001,3.2,0.0136,0.0001,3.2,0.0102,0.0002,3.2,0.0217,0.00007
3.25,0.0105,,3.25,-0.0000875,,3.25,0.0288,,3.25,-0.0009625,,3.25,0.0147,,3.25,0.0111,,3.25,0.0232,
3.3,0.0116,0.0001,3.3,-0.0000875,0.0002,3.3,0.0312,0.0001,3.3,-0.0002625,0.0001,3.3,0.0157,0.0001,3.3,0.0119,0.0002,3.3,0.0247,0.00007
3.35,0.0127,,3.35,-0.0000875,,3.35,0.0336,,3.35,0.00056875,,3.35,0.0168,,3.35,0.0128,,3.35,0.0262,
3.4,0.0138,0.0001,3.4,-0.0000875,0.0002,3.4,0.036,0.0001,3.4,0.0015,0.0001,3.4,0.018,0.0001,3.4,0.0135,0.0002,3.4,0.0275,0.00007
3.45,0.015,,3.45,-0.00004375,,3.45,0.0382,,3.45,0.0026,,3.45,0.0192,,3.45,0.0142,,3.45,0.0288,
3.5,0.0161,0.0001,3.5,0.00004375,0.0002,3.5,0.0403,0.0001,3.5,0.0039,0.0002,3.5,0.0206,0.0001,3.5,0.0148,0.0002,3.5,0.0301,0.00008
3.55,0.0173,,3.55,0.00035,,3.55,0.0425,,3.55,0.0052,,3.55,0.0218,,3.55,0.0154,,3.55,0.0314,
3.6,0.0186,0.0001,3.6,0.000875,0.0002,3.6,0.0447,0.0002,3.6,0.0067,0.0002,3.6,0.0231,0.0001,3.6,0.0161,0.0002,3.6,0.0328,0.00008
3.65,0.02,,3.65,0.0016,,3.65,0.0469,,3.65,0.0082,,3.65,0.0245,,3.65,0.0168,,3.65,0.0342,
3.7,0.0214,0.0001,3.7,0.0025,0.0002,3.7,0.0492,0.0002,3.7,0.0097,0.0002,3.7,0.0259,0.0001,3.7,0.0176,0.0002,3.7,0.0357,0.00008
3.75,0.0228,,3.75,0.0035,,3.75,0.0516,,3.75,0.0111,,3.75,0.0273,,3.75,0.0184,,3.75,0.0371,
3.8,0.0241,0.0002,3.8,0.0047,0.0002,3.8,0.0539,0.0002,3.8,0.0124,0.0002,3.8,0.0287,0.0001,3.8,0.0194,0.0003,3.8,0.0386,0.00009
3.85,0.0255,,3.85,0.006,,3.85,0.0564,,3.85,0.0134,,3.85,0.0299,,3.85,0.0206,,3.85,0.0402,
3.9,0.027,0.0002,3.9,0.0075,0.0002,3.9,0.0589,0.0002,3.9,0.0142,0.0002,3.9,0.031,0.0001,3.9,0.0218,0.0003,3.9,0.0417,0.0001
3.95,0.0285,,3.95,0.009,,3.95,0.0611,,3.95,0.0149,,3.95,0.0321,,3.95,0.0231,,3.95,0.0432,
4,0.0301,0.0002,4,0.0107,0.0002,4,0.0632,0.0002,4,0.0154,0.0002,4,0.0331,0.0002,4,0.0244,0.0003,4,0.0448,0.0001
4.05,0.0318,,4.05,0.0124,,4.05,0.065,,4.05,0.016,,4.05,0.0342,,4.05,0.0256,,4.05,0.0463,
4.1,0.0334,0.0002,4.1,0.014,0.0002,4.1,0.0666,0.0002,4.1,0.0167,0.0002,4.1,0.0353,0.0002,4.1,0.0268,0.0003,4.1,0.0478,0.0001
4.15,0.0351,,4.15,0.0156,,4.15,0.0681,,4.15,0.0174,,4.15,0.0364,,4.15,0.0279,,4.15,0.0494,
4.2,0.0367,0.0002,4.2,0.0172,0.0002,4.2,0.0696,0.0003,4.2,0.0183,0.0002,4.2,0.0375,0.0002,4.2,0.0289,0.0003,4.2,0.051,0.0001
4.25,0.0382,,4.25,0.0189,,4.25,0.0708,,4.25,0.0193,,4.25,0.0387,,4.25,0.0298,,4.25,0.0527,
4.3,0.0397,0.0002,4.3,0.0206,0.0002,4.3,0.0721,0.0003,4.3,0.0202,0.0002,4.3,0.0399,0.0002,4.3,0.0306,0.0003,4.3,0.0546,0.0001
4.35,0.0412,,4.35,0.0224,,4.35,0.0734,,4.35,0.0212,,4.35,0.0412,,4.35,0.0316,,4.35,0.0566,
4.4,0.0427,0.0002,4.4,0.0244,0.0002,4.4,0.0747,0.0003,4.4,0.0223,0.0002,4.4,0.0426,0.0002,4.4,0.0326,0.0003,4.4,0.0586,0.0001
4.45,0.0441,,4.45,0.0264,,4.45,0.076,,4.45,0.0235,,4.45,0.0441,,4.45,0.0339,,4.45,0.0606,
4.5,0.0457,0.0002,4.5,0.0284,0.0003,4.5,0.0774,0.0003,4.5,0.0249,0.0002,4.5,0.0457,0.0002,4.5,0.0352,0.0003,4.5,0.0627,0.0001
4.55,0.0473,,4.55,0.0305,,4.55,0.0788,,4.55,0.0263,,4.55,0.0473,,4.55,0.0366,,4.55,0.0646,
4.6,0.049,0.0002,4.6,0.0327,0.0003,4.6,0.0805,0.0003,4.6,0.0279,0.0002,4.6,0.049,0.0002,4.6,0.0381,0.0003,4.6,0.0664,0.0002
4.65,0.0509,,4.65,0.035,,4.65,0.0825,,4.65,0.0294,,4.65,0.0507,,4.65,0.0396,,4.65,0.0682,
4.7,0.0528,0.0002,4.7,0.0373,0.0003,4.7,0.0846,0.0003,4.7,0.0309,0.0002,4.7,0.0524,0.0002,4.7,0.0411,0.0004,4.7,0.0699,0.0002
4.75,0.0546,,4.75,0.0397,,4.75,0.0867,,4.75,0.0325,,4.75,0.0541,,4.75,0.0426,,4.75,0.0716,
4.8,0.0566,0.0003,4.8,0.042,0.0003,4.8,0.0889,0.0004,4.8,0.034,0.0002,4.8,0.056,0.0002,4.8,0.0441,0.0004,4.8,0.0733,0.0002
4.85,0.0585,,4.85,0.0443,,4.85,0.0912,,4.85,0.0355,,4.85,0.0579,,4.85,0.0457,,4.85,0.0751,
4.9,0.0604,0.0003,4.9,0.0463,0.0003,4.9,0.0933,0.0004,4.9,0.0371,0.0002,4.9,0.06,0.0002,4.9,0.0472,0.0004,4.9,0.0767,0.0002
4.95,0.0621,,4.95,0.0483,,4.95,0.0955,,4.95,0.0387,,4.95,0.0621,,4.95,0.0487,,4.95,0.0784,
5,0.0637,0.0003,5,0.0501,0.0004,5,0.0975,0.0005,5,0.0403,0.0003,5,0.0641,0.0003,5,0.0502,0.0004,5,0.0801,0.0002
5.05,0.0651,,5.05,0.052,,5.05,0.0993,,5.05,0.042,,5.05,0.0659,,5.05,0.0518,,5.05,0.0818,
5.1,0.0664,0.0003,5.1,0.054,0.0004,5.1,0.101,0.0005,5.1,0.0437,0.0003,5.1,0.0675,0.0003,5.1,0.0536,0.0004,5.1,0.0836,0.0002
5.15,0.0676,,5.15,0.0561,,5.15,0.1026,,5.15,0.0455,,5.15,0.0688,,5.15,0.0556,,5.15,0.0857,
5.2,0.0687,0.0003,5.2,0.0585,0.0004,5.2,0.104,0.0005,5.2,0.0473,0.0003,5.2,0.07,0.0003,5.2,0.0576,0.0005,5.2,0.0879,0.0003
5.25,0.0697,,5.25,0.061,,5.25,0.1054,,5.25,0.0492,,5.25,0.0708,,5.25,0.0596,,5.25,0.0901,
5.3,0.0709,0.0003,5.3,0.0634,0.0004,5.3,0.1069,0.0006,5.3,0.0511,0.0003,5.3,0.0715,0.0003,5.3,0.0616,0.0005,5.3,0.0925,0.0003
5.35,0.0722,,5.35,0.0659,,5.35,0.1084,,5.35,0.053,,5.35,0.0721,,5.35,0.0636,,5.35,0.0947,
5.4,0.0736,0.0004,5.4,0.0682,0.0005,5.4,0.1099,0.0006,5.4,0.0549,0.0003,5.4,0.0728,0.0003,5.4,0.0652,0.0005,5.4,0.0966,0.0003
5.45,0.0752,,5.45,0.0704,,5.45,0.1117,,5.45,0.0567,,5.45,0.0736,,5.45,0.0667,,5.45,0.0984,
5.5,0.0768,0.0004,5.5,0.0724,0.0005,5.5,0.1137,0.0007,5.5,0.0585,0.0003,5.5,0.0745,0.0003,5.5,0.068,0.0006,5.5,0.0998,0.0003
5.55,0.0785,,5.55,0.0744,,5.55,0.1157,,5.55,0.0602,,5.55,0.0754,,5.55,0.0692,,5.55,0.1011,
5.6,0.0803,0.0004,5.6,0.0763,0.0006,5.6,0.1178,0.0007,5.6,0.0619,0.0004,5.6,0.0764,0.0003,5.6,0.0704,0.0006,5.6,0.1023,0.0004
5.65,0.0822,,5.65,0.0784,,5.65,0.1198,,5.65,0.0635,,5.65,0.0776,,5.65,0.0717,,5.65,0.1035,
5.7,0.084,0.0004,5.7,0.0807,0.0006,5.7,0.1217,0.0008,5.7,0.065,0.0004,5.7,0.0787,0.0004,5.7,0.0728,0.0006,5.7,0.1047,0.0004
5.75,0.0858,,5.75,0.083,,5.75,0.1236,,5.75,0.0664,,5.75,0.08,,5.75,0.074,,5.75,0.1058,
5.8,0.0877,0.0005,5.8,0.0854,0.0007,5.8,0.1253,0.0009,5.8,0.0675,0.0004,5.8,0.0813,0.0004,5.8,0.0752,0.0006,5.8,0.107,0.0004
5.85,0.0895,,5.85,0.088,,5.85,0.1268,,5.85,0.0686,,5.85,0.0828,,5.85,0.0765,,5.85,0.1082,
5.9,0.0913,0.0005,5.9,0.0906,0.0007,5.9,0.1283,0.0009,5.9,0.0695,0.0004,5.9,0.0843,0.0004,5.9,0.078,0.0007,5.9,0.1095,0.0004
5.95,0.093,,5.95,0.0934,,5.95,0.1299,,5.95,0.0703,,5.95,0.0858,,5.95,0.0797,,5.95,0.111,
6,0.0946,0.0005,6,0.0959,0.0008,6,0.1316,0.001,6,0.0712,0.0004,6,0.0874,0.0004,6,0.0815,0.0007,6,0.1126,0.0005
6.05,0.0961,,6.05,0.0985,,6.05,0.1332,,6.05,0.0721,,6.05,0.089,,6.05,0.0836,,6.05,0.1144,
6.1,0.0977,0.0006,6.1,0.1009,0.0009,6.1,0.135,0,6.1,0.073,0.0004,6.1,0.0907,0.0005,6.1,0.0858,0.0008,6.1,0.1163,0.0005
6.15,0.0993,,6.15,0.1032,,6.15,0.1367,,6.15,0.074,,6.15,0.0924,,6.15,0.0881,,6.15,0.1182,
6.2,0.1009,0.0006,6.2,0.1053,0.001,6.2,0.1385,0,6.2,0.0751,0.0005,6.2,0.0941,0.0005,6.2,0.0905,0.0008,6.2,0.1201,0.0005
6.25,0.1025,,6.25,0.1072,,6.25,0.1402,,6.25,0.0763,,6.25,0.0957,,6.25,0.0929,,6.25,0.1219,
6.3,0.1042,0.0006,6.3,0.1091,0,6.3,0.1418,0,6.3,0.0775,0.0005,6.3,0.0972,0.0005,6.3,0.0954,0.0009,6.3,0.1237,0.0006
6.35,0.1058,,6.35,0.1108,,6.35,0.1433,,6.35,0.0788,,6.35,0.0987,,6.35,0.0977,,6.35,0.1255,
6.4,0.1075,0.0007,6.4,0.1126,0,6.4,0.1447,0,6.4,0.0803,0.0005,6.4,0.1002,0.0006,6.4,0.1,0.001,6.4,0.1273,0.0006
6.45,0.1093,,6.45,0.1145,,6.45,0.146,,6.45,0.0819,,6.45,0.1016,,6.45,0.102,,6.45,0.129,
6.5,0.1111,0.0007,6.5,0.1165,0,6.5,0.1473,0,6.5,0.0838,0.0006,6.5,0.1029,0.0006,6.5,0.1038,0,6.5,0.1307,0.0007
6.55,0.113,,6.55,0.1189,,6.55,0.1485,,6.55,0.0858,,6.55,0.1041,,6.55,0.1055,,6.55,0.1326,
6.6,0.1149,0.0008,6.6,0.1214,0,6.6,0.1499,0,6.6,0.0881,0.0006,6.6,0.1052,0.0006,6.6,0.107,0,6.6,0.1345,0.0007
6.65,0.117,,6.65,0.1239,,6.65,0.1512,,6.65,0.0905,,6.65,0.1064,,6.65,0.1085,,6.65,0.1364,
6.7,0.1192,0.0009,6.7,0.1267,0,6.7,0.1525,0,6.7,0.0929,0.0007,6.7,0.1074,0.0007,6.7,0.1102,0,6.7,0.1384,0.0008
6.75,0.1215,,6.75,0.1295,,6.75,0.1538,,6.75,0.0953,,6.75,0.1086,,6.75,0.1121,,6.75,0.1404,
6.8,0.1239,0.001,6.8,0.1323,0,6.8,0.1551,0,6.8,0.0976,0.0007,6.8,0.1099,0.0007,6.8,0.1141,0,6.8,0.1426,0.0009
6.85,0.1263,,6.85,0.1351,,6.85,0.1565,,6.85,0.0996,,6.85,0.1112,,6.85,0.1161,,6.85,0.1448,
6.9,0.1286,0,6.9,0.138,0,6.9,0.1579,0,6.9,0.1015,0.0008,6.9,0.1127,0.0008,6.9,0.1182,0,6.9,0.147,0.001
6.95,0.1307,,6.95,0.1409,,6.95,0.1593,,6.95,0.1031,,6.95,0.1144,,6.95,0.1204,,6.95,0.1494,
7,0.1327,0,7,0.1436,0,7,0.1607,0,7,0.1046,0.0008,7,0.1162,0.0008,7,0.1226,0,7,0.1519,0
7.05,0.1346,,7.05,0.1462,,7.05,0.1621,,7.05,0.106,,7.05,0.1181,,7.05,0.1247,,7.05,0.1543,
7.1,0.1364,0,7.1,0.1486,0,7.1,0.1635,0,7.1,0.1077,0.0009,7.1,0.1201,0.0009,7.1,0.1266,0,7.1,0.1567,0
7.15,0.1382,,7.15,0.1509,,7.15,0.1651,,7.15,0.1095,,7.15,0.1221,,7.15,0.1284,,7.15,0.1589,
7.2,0.14,0,7.2,0.153,0,7.2,0.1668,0,7.2,0.1114,0.0009,7.2,0.1239,0.001,7.2,0.1302,0,7.2,0.1611,0
7.25,0.1418,,7.25,0.1551,,7.25,0.1685,,7.25,0.1136,,7.25,0.1257,,7.25,0.1319,,7.25,0.1633,
7.3,0.1435,0,7.3,0.1572,0,7.3,0.1702,0,7.3,0.1158,0,7.3,0.1273,0,7.3,0.1337,0,7.3,0.1655,0
7.35,0.1454,,7.35,0.1592,,7.35,0.172,,7.35,0.118,,7.35,0.1289,,7.35,0.1354,,7.35,0.1677,
7.4,0.1472,0,7.4,0.1613,0,7.4,0.1737,0,7.4,0.1202,0,7.4,0.1306,0,7.4,0.1371,0,7.4,0.1701,0
7.45,0.149,,7.45,0.1634,,7.45,0.1754,,7.45,0.1224,,7.45,0.1322,,7.45,0.1388,,7.45,0.1724,
7.5,0.1507,0,7.5,0.1656,0,7.5,0.1771,0,7.5,0.1246,0,7.5,0.1338,0,7.5,0.1405,0,7.5,0.1749,0
7.55,0.1521,,7.55,0.1678,,7.55,0.1787,,7.55,0.1267,,7.55,0.1354,,7.55,0.1423,,7.55,0.1773,
7.6,0.1534,0,7.6,0.1699,0,7.6,0.1803,0,7.6,0.1287,0,7.6,0.137,0,7.6,0.144,0,7.6,0.1797,0
7.65,0.1546,,7.65,0.172,,7.65,0.1817,,7.65,0.1308,,7.65,0.1386,,7.65,0.1457,,7.65,0.182,
7.7,0.1556,0,7.7,0.1739,0,7.7,0.1831,0,7.7,0.1328,0,7.7,0.1403,0,7.7,0.1473,0,7.7,0.1841,0
7.75,0.1565,,7.75,0.1758,,7.75,0.1844,,7.75,0.1347,,7.75,0.1419,,7.75,0.1489,,7.75,0.1861,
7.8,0.1575,0,7.8,0.1777,0,7.8,0.1857,0,7.8,0.1366,0,7.8,0.1435,0,7.8,0.1505,0,7.8,0.1881,0
7.85,0.1585,,7.85,0.1796,,7.85,0.1871,,7.85,0.1384,,7.85,0.1449,,7.85,0.1522,,7.85,0.19,
7.9,0.1595,0,7.9,0.1814,0,7.9,0.1885,0,7.9,0.1401,0,7.9,0.1462,0,7.9,0.1538,0,7.9,0.1918,0.001
7.95,0.1605,,7.95,0.1831,,7.95,0.1899,,7.95,0.1417,,7.95,0.1474,,7.95,0.1555,,7.95,0.1935,
8,0.1616,0,8,0.185,0,8,0.1914,0,8,0.1432,0,8,0.1487,0,8,0.1572,0,8,0.195,0.0008
8.05,0.1628,,8.05,0.1869,,8.05,0.1929,,8.05,0.1447,,8.05,0.1501,,8.05,0.1589,,8.05,0.1964,
8.1,0.164,0,8.1,0.189,0,8.1,0.1945,0,8.1,0.146,0,8.1,0.1515,0,8.1,0.1605,0,8.1,0.1977,0.0007
8.15,0.1656,,8.15,0.1912,,8.15,0.1961,,8.15,0.1474,,8.15,0.153,,8.15,0.1622,,8.15,0.1989,
8.2,0.1673,0,8.2,0.1935,0,8.2,0.1977,0,8.2,0.1487,0,8.2,0.1546,0,8.2,0.164,0,8.2,0.2,0.0006
8.25,0.1694,,8.25,0.1958,,8.25,0.1993,,8.25,0.1501,,8.25,0.1563,,8.25,0.1657,,8.25,0.2013,
8.3,0.1716,0,8.3,0.1981,0,8.3,0.2009,0,8.3,0.1515,0,8.3,0.1581,0,8.3,0.1674,0,8.3,0.2026,0.0005
8.35,0.174,,8.35,0.2005,,8.35,0.2025,,8.35,0.1529,,8.35,0.1599,,8.35,0.1691,,8.35,0.204,
8.4,0.1765,0,8.4,0.2027,0,8.4,0.204,0,8.4,0.1544,0,8.4,0.1617,0,8.4,0.1706,0,8.4,0.2053,0.0004
8.45,0.1789,,8.45,0.2051,,8.45,0.2055,,8.45,0.1561,,8.45,0.1635,,8.45,0.172,,8.45,0.2065,
8.5,0.1813,0,8.5,0.2073,0,8.5,0.207,0,8.5,0.1577,0,8.5,0.1653,0,8.5,0.1734,0,8.5,0.2076,0.0003
8.55,0.1833,,8.55,0.2095,,8.55,0.2085,,8.55,0.1593,,8.55,0.1671,,8.55,0.1749,,8.55,0.2084,
8.6,0.185,0,8.6,0.2115,0,8.6,0.21,0,8.6,0.1608,0,8.6,0.1688,0,8.6,0.1764,0,8.6,0.2089,0.0002
8.65,0.1863,,8.65,0.2135,,8.65,0.2116,,8.65,0.1621,,8.65,0.1705,,8.65,0.178,,8.65,0.2094,
8.7,0.1874,0,8.7,0.2154,0,8.7,0.2133,0.0008,8.7,0.1635,0,8.7,0.172,0,8.7,0.1798,0,8.7,0.21,0.0002
8.75,0.1883,,8.75,0.2175,,8.75,0.2152,,8.75,0.1649,,8.75,0.1735,,8.75,0.1816,,8.75,0.2109,
8.8,0.1893,0,8.8,0.2195,0,8.8,0.2173,0.0006,8.8,0.1662,0,8.8,0.175,0,8.8,0.1834,0,8.8,0.2121,0.00004
8.85,0.1902,,8.85,0.2216,,8.85,0.2195,,8.85,0.1675,,8.85,0.1765,,8.85,0.1852,,8.85,0.2135,
8.9,0.1912,0,8.9,0.2238,0,8.9,0.2219,0.0003,8.9,0.1688,0,8.9,0.1781,0,8.9,0.187,0,8.9,0.2152,-0.0001
8.95,0.1924,,8.95,0.2259,,8.95,0.2244,,8.95,0.1701,,8.95,0.1797,,8.95,0.1887,,8.95,0.2168,
9,0.1936,0,9,0.228,0,9,0.2269,-0.00009,9,0.1715,0,9,0.1813,0,9,0.1903,0,9,0.2184,-0.0003
9.05,0.195,,9.05,0.2301,,9.05,0.2295,,9.05,0.1731,,9.05,0.1829,,9.05,0.1918,,9.05,0.2198,
9.1,0.1963,0,9.1,0.232,0,9.1,0.232,-0.0004,9.1,0.1747,0,9.1,0.1845,0,9.1,0.1933,0,9.1,0.2212,-0.0004
9.15,0.1978,,9.15,0.234,,9.15,0.2343,,9.15,0.1764,,9.15,0.186,,9.15,0.1948,,9.15,0.2224,
9.2,0.1993,0,9.2,0.2357,0,9.2,0.2364,-0.0007,9.2,0.1782,0,9.2,0.1874,0,9.2,0.1963,0,9.2,0.2237,-0.0005
9.25,0.2009,,9.25,0.2374,,9.25,0.2382,,9.25,0.18,,9.25,0.1887,,9.25,0.1978,,9.25,0.225,
9.3,0.2023,0,9.3,0.239,0,9.3,0.2399,-0.0009,9.3,0.1819,0,9.3,0.19,0,9.3,0.1994,0,9.3,0.2262,-0.0007
9.35,0.2039,,9.35,0.2406,,9.35,0.2415,,9.35,0.1837,,9.35,0.1911,,9.35,0.2008,,9.35,0.2275,
9.4,0.2055,0,9.4,0.2422,0,9.4,0.2431,0,9.4,0.1854,0,9.4,0.1923,0,9.4,0.2021,0,9.4,0.2289,-0.0008
9.45,0.2072,,9.45,0.2438,,9.45,0.2445,,9.45,0.1872,,9.45,0.1936,,9.45,0.2033,,9.45,0.2303,
9.5,0.2088,0,9.5,0.2454,0,9.5,0.2459,0,9.5,0.1889,0,9.5,0.1949,0,9.5,0.2044,0,9.5,0.2317,-0.0009
9.55,0.2104,,9.55,0.2472,,9.55,0.2474,,9.55,0.1905,,9.55,0.1961,,9.55,0.2054,,9.55,0.2333,
9.6,0.2121,0,9.6,0.2491,0,9.6,0.2489,0,9.6,0.1922,0,9.6,0.1973,0,9.6,0.2065,0,9.6,0.235,-0.001
9.65,0.2136,,9.65,0.2511,,9.65,0.2505,,9.65,0.1939,,9.65,0.1987,,9.65,0.2075,,9.65,0.2366,
9.7,0.2153,0,9.7,0.2534,0,9.7,0.2522,0,9.7,0.1957,0,9.7,0.2001,0,9.7,0.2085,0,9.7,0.2382,0
9.75,0.217,,9.75,0.2559,,9.75,0.2539,,9.75,0.1976,,9.75,0.2016,,9.75,0.2096,,9.75,0.2398,
9.8,0.2188,0,9.8,0.2587,0,9.8,0.2557,0,9.8,0.1996,0,9.8,0.2033,0,9.8,0.2107,0,9.8,0.2414,0
9.85,0.2206,,9.85,0.2616,,9.85,0.2573,,9.85,0.2016,,9.85,0.2048,,9.85,0.2119,,9.85,0.2429,
9.9,0.2225,0,9.9,0.2646,0,9.9,0.2589,0,9.9,0.2037,0,9.9,0.2063,0,9.9,0.2133,0,9.9,0.2444,0
9.95,0.2242,,9.95,0.2677,,9.95,0.2603,,9.95,0.2057,,9.95,0.2079,,9.95,0.2149,,9.95,0.2461,
10,0.2259,0,10,0.2707,0,10,0.2617,0,10,0.2076,0,10,0.2094,0,10,0.2167,0,10,0.2478,0
10.05,0.2276,,10.05,0.2736,,10.05,0.2629,,10.05,0.2095,,10.05,0.2109,,10.05,0.2186,,10.05,0.2496,
10.1,0.2293,0,10.1,0.2764,0,10.1,0.2639,0,10.1,0.2113,0,10.1,0.2124,0,10.1,0.2207,0,10.1,0.2515,0
10.15,0.2307,,10.15,0.279,,10.15,0.2649,,10.15,0.2132,,10.15,0.2139,,10.15,0.2228,,10.15,0.2536,
10.2,0.2323,0,10.2,0.2814,0,10.2,0.2657,0,10.2,0.2149,0,10.2,0.2157,0,10.2,0.225,0,10.2,0.2558,0
10.25,0.2336,,10.25,0.2836,,10.25,0.2665,,10.25,0.2166,,10.25,0.2176,,10.25,0.2272,,10.25,0.2579,
10.3,0.2347,0,10.3,0.2858,0,10.3,0.2675,0,10.3,0.2182,0,10.3,0.2195,0,10.3,0.2294,0,10.3,0.26,0
10.35,0.2358,,10.35,0.288,,10.35,0.2686,,10.35,0.2198,,10.35,0.2216,,10.35,0.2317,,10.35,0.2622,
10.4,0.2369,0,10.4,0.2901,0,10.4,0.2699,0,10.4,0.2216,0,10.4,0.2237,0,10.4,0.2338,0,10.4,0.2644,0
10.45,0.2379,,10.45,0.2922,,10.45,0.2713,,10.45,0.2234,,10.45,0.2257,,10.45,0.2357,,10.45,0.2666,
10.5,0.2391,0,10.5,0.2942,0,10.5,0.2729,0,10.5,0.2253,0,10.5,0.2277,0,10.5,0.2376,0,10.5,0.2687,0
10.55,0.2403,,10.55,0.2961,,10.55,0.2744,,10.55,0.2272,,10.55,0.2297,,10.55,0.2393,,10.55,0.2707,
10.6,0.2415,0,10.6,0.2981,0,10.6,0.2761,0,10.6,0.2292,0,10.6,0.2317,0,10.6,0.241,0,10.6,0.2724,0
10.65,0.2428,,10.65,0.3,,10.65,0.2778,,10.65,0.2312,,10.65,0.2337,,10.65,0.2428,,10.65,0.274,
10.7,0.2441,0,10.7,0.3021,0,10.7,0.2795,0,10.7,0.2332,0,10.7,0.2357,0,10.7,0.2446,0,10.7,0.2755,0
10.75,0.2455,,10.75,0.3043,,10.75,0.2812,,10.75,0.2352,,10.75,0.2377,,10.75,0.2464,,10.75,0.2767,
10.8,0.247,0,10.8,0.3066,0,10.8,0.283,0,10.8,0.237,0,10.8,0.2397,0,10.8,0.2484,0,10.8,0.2779,-0.001
10.85,0.2486,,10.85,0.3091,,10.85,0.2847,,10.85,0.2386,,10.85,0.2416,,10.85,0.2504,,10.85,0.2792,
10.9,0.2504,0,10.9,0.3117,0,10.9,0.2864,0,10.9,0.2402,0,10.9,0.2434,0.0009,10.9,0.2524,0,10.9,0.2803,-0.0009
10.95,0.2524,,10.95,0.3143,,10.95,0.2881,,10.95,0.2419,,10.95,0.2452,,10.95,0.2544,,10.95,0.2815,
11,0.2545,0,11,0.3171,0,11,0.29,0,11,0.2438,0,11,0.2471,0.0008,11,0.2562,0,11,0.2826,-0.0009
11.05,0.2567,,11.05,0.3199,,11.05,0.2919,,11.05,0.2457,,11.05,0.2489,,11.05,0.258,,11.05,0.2837,
11.1,0.2588,0,11.1,0.3227,0,11.1,0.2938,0,11.1,0.2476,0,11.1,0.2506,0.0006,11.1,0.2599,0,11.1,0.2849,-0.0009
11.15,0.2609,,11.15,0.3254,,11.15,0.2958,,11.15,0.2497,,11.15,0.2525,,11.15,0.2616,,11.15,0.2863,
11.2,0.2629,0,11.2,0.3281,0,11.2,0.2979,0,11.2,0.2518,0,11.2,0.2545,0.0004,11.2,0.2634,0,11.2,0.2877,-0.0008
11.25,0.2648,,11.25,0.3308,,11.25,0.3,,11.25,0.2541,,11.25,0.2566,,11.25,0.265,,11.25,0.2894,
11.3,0.2667,0,11.3,0.3336,0,11.3,0.3018,0,11.3,0.2563,0,11.3,0.2587,0.0002,11.3,0.2667,0,11.3,0.2911,-0.0008
11.35,0.2686,,11.35,0.3365,,11.35,0.3037,,11.35,0.2586,,11.35,0.2606,,11.35,0.2684,,11.35,0.2928,
11.4,0.2703,0,11.4,0.3394,0,11.4,0.3055,0,11.4,0.2606,0,11.4,0.2625,0.00006,11.4,0.2702,0,11.4,0.2945,-0.0007
11.45,0.2721,,11.45,0.3422,,11.45,0.3074,,11.45,0.2625,,11.45,0.2644,,11.45,0.2721,,11.45,0.2964,
11.5,0.2739,0.0009,11.5,0.345,0,11.5,0.3095,0,11.5,0.264,0,11.5,0.2661,-0.00008,11.5,0.2739,0,11.5,0.2984,-0.0006
11.55,0.2755,,11.55,0.3477,,11.55,0.3116,,11.55,0.2653,,11.55,0.2678,,11.55,0.2756,,11.55,0.3005,
11.6,0.277,0.0009,11.6,0.3503,0.001,11.6,0.3138,0,11.6,0.2664,0,11.6,0.2694,-0.0002,11.6,0.2773,0,11.6,0.3027,-0.0006
11.65,0.2784,,11.65,0.3528,,11.65,0.316,,11.65,0.2674,,11.65,0.2711,,11.65,0.2788,,11.65,0.3047,
11.7,0.2798,0.0008,11.7,0.355,0.0009,11.7,0.3182,0,11.7,0.2685,0,11.7,0.2726,-0.0004,11.7,0.2803,0,11.7,0.3065,-0.0005
11.75,0.2813,,11.75,0.3571,,11.75,0.3203,,11.75,0.2695,,11.75,0.2741,,11.75,0.2817,,11.75,0.3081,
11.8,0.2828,0.0008,11.8,0.359,0.0008,11.8,0.3222,-0.001,11.8,0.2706,0,11.8,0.2755,-0.0005,11.8,0.2831,0,11.8,0.3095,-0.0005
11.85,0.2845,,11.85,0.3609,,11.85,0.3241,,11.85,0.2717,,11.85,0.2767,,11.85,0.2845,,11.85,0.3107,
11.9,0.2859,0.0007,11.9,0.3626,0.0008,11.9,0.3258,-0.0009,11.9,0.2728,0,11.9,0.2779,-0.0006,11.9,0.2859,0,11.9,0.3119,-0.0005
11.95,0.2874,,11.95,0.3644,,11.95,0.3275,,11.95,0.2739,,11.95,0.2791,,11.95,0.2874,,11.95,0.313,
12,0.2887,0.0007,12,0.3661,0.0007,12,0.3293,-0.0008,12,0.275,0,12,0.2801,-0.0007,12,0.2889,0,12,0.3141,-0.0005
12.05,0.2901,,12.05,0.3678,,12.05,0.3312,,12.05,0.2761,,12.05,0.2812,,12.05,0.2904,,12.05,0.3154,
12.1,0.2916,0.0007,12.1,0.3696,0.0007,12.1,0.3331,-0.0008,12.1,0.2771,0,12.1,0.2821,-0.0008,12.1,0.2919,0,12.1,0.3167,-0.0004
12.15,0.2932,,12.15,0.3716,,12.15,0.335,,12.15,0.2781,,12.15,0.2831,,12.15,0.2934,,12.15,0.3182,
12.2,0.2947,0.0006,12.2,0.3735,0.0006,12.2,0.3371,-0.0007,12.2,0.2791,0,12.2,0.2841,-0.0009,12.2,0.2948,0,12.2,0.3197,-0.0004
12.25,0.2963,,12.25,0.3756,,12.25,0.3391,,12.25,0.2801,,12.25,0.2853,,12.25,0.2963,,12.25,0.3214,
12.3,0.298,0.0006,12.3,0.3776,0.0006,12.3,0.3411,-0.0006,12.3,0.2811,0,12.3,0.2865,-0.001,12.3,0.2976,0,12.3,0.3231,-0.0004
12.35,0.2996,,12.35,0.3798,,12.35,0.343,,12.35,0.2821,,12.35,0.2878,,12.35,0.2988,,12.35,0.3247,
12.4,0.3012,0.0005,12.4,0.3819,0.0005,12.4,0.3449,-0.0006,12.4,0.283,0,12.4,0.2894,0,12.4,0.3001,0,12.4,0.3264,-0.0003
12.45,0.3028,,12.45,0.3839,,12.45,0.3466,,12.45,0.284,,12.45,0.2909,,12.45,0.3015,,12.45,0.3282,
12.5,0.3044,0.0005,12.5,0.3857,0.0005,12.5,0.3483,-0.0006,12.5,0.2849,0,12.5,0.2926,0,12.5,0.303,0,12.5,0.33,-0.0003
12.55,0.3059,,12.55,0.3877,,12.55,0.3498,,12.55,0.2859,,12.55,0.2946,,12.55,0.3047,,12.55,0.3319,
12.6,0.3074,0.0005,12.6,0.3898,0.0005,12.6,0.3512,-0.0005,12.6,0.287,0,12.6,0.2967,0,12.6,0.3066,0,12.6,0.3338,-0.0003
12.65,0.3089,,12.65,0.3922,,12.65,0.3526,,12.65,0.2881,,12.65,0.2987,,12.65,0.3084,,12.65,0.3357,
12.7,0.3104,0.0005,12.7,0.3948,0.0004,12.7,0.3539,-0.0005,12.7,0.2892,0,12.7,0.3007,0,12.7,0.3104,0,12.7,0.3378,-0.0003
12.75,0.3121,,12.75,0.3975,,12.75,0.3552,,12.75,0.2905,,12.75,0.3026,,12.75,0.3125,,12.75,0.34,
12.8,0.3137,0.0004,12.8,0.4004,0.0004,12.8,0.3564,-0.0005,12.8,0.2917,0,12.8,0.3042,0,12.8,0.3146,0,12.8,0.3423,-0.0002
12.85,0.3153,,12.85,0.4033,,12.85,0.3576,,12.85,0.2929,,12.85,0.3056,,12.85,0.317,,12.85,0.3444,
12.9,0.3169,0.0004,12.9,0.4061,0.0004,12.9,0.3589,-0.0004,12.9,0.2942,0,12.9,0.307,0,12.9,0.3193,0,12.9,0.3463,-0.0002
12.95,0.3185,,12.95,0.4089,,12.95,0.3602,,12.95,0.2954,,12.95,0.3084,,12.95,0.3215,,12.95,0.3478,
13,0.3201,0.0004,13,0.4117,0.0003,13,0.3616,-0.0004,13,0.2966,0,13,0.3098,0,13,0.3236,0,13,0.3493,-0.0002
13.05,0.3217,,13.05,0.4144,,13.05,0.3631,,13.05,0.2978,,13.05,0.3113,,13.05,0.3257,,13.05,0.3507,
13.1,0.3233,0.0004,13.1,0.4172,0.0003,13.1,0.3647,-0.0004,13.1,0.2989,0,13.1,0.3129,0,13.1,0.3276,0.0009,13.1,0.352,-0.0002
13.15,0.3247,,13.15,0.42,,13.15,0.3665,,13.15,0.3,,13.15,0.3145,,13.15,0.3293,,13.15,0.3533,
13.2,0.3261,0.0003,13.2,0.4228,0.0003,13.2,0.3682,-0.0004,13.2,0.3012,0,13.2,0.3163,0,13.2,0.3308,0.0009,13.2,0.3549,-0.0002
13.25,0.3274,,13.25,0.4258,,13.25,0.37,,13.25,0.3023,,13.25,0.3181,,13.25,0.3322,,13.25,0.3565,
13.3,0.3287,0.0003,13.3,0.4288,0.0002,13.3,0.3714,-0.0003,13.3,0.3035,0,13.3,0.3198,0,13.3,0.3335,0.0008,13.3,0.3581,-0.0002
13.35,0.3301,,13.35,0.4319,,13.35,0.373,,13.35,0.3047,,13.35,0.3215,,13.35,0.3349,,13.35,0.3598,
13.4,0.3315,0.0003,13.4,0.4348,0.0002,13.4,0.3748,-0.0003,13.4,0.3059,0,13.4,0.3231,0,13.4,0.3363,0.0008,13.4,0.3614,-0.0002
13.45,0.3328,,13.45,0.4377,,13.45,0.3767,,13.45,0.3071,,13.45,0.3248,,13.45,0.3379,,13.45,0.363,
13.5,0.3342,0.0003,13.5,0.4405,0.0002,13.5,0.3786,-0.0003,13.5,0.3085,0,13.5,0.3262,0,13.5,0.3395,0.0007,13.5,0.3646,-0.0002
13.55,0.3356,,13.55,0.443,,13.55,0.3801,,13.55,0.31,,13.55,0.3277,,13.55,0.341,,13.55,0.366,
13.6,0.337,0.0003,13.6,0.4453,0.0002,13.6,0.3804,-0.0003,13.6,0.3115,0,13.6,0.3293,0,13.6,0.3427,0.0007,13.6,0.3674,-0.0001
13.65,0.3385,,13.65,0.4475,,13.65,0.3804,,13.65,0.3133,,13.65,0.3309,,13.65,0.3443,,13.65,0.3687,
13.7,0.34,0.0003,13.7,0.4496,0.0002,13.7,0.3804,-0.0003,13.7,0.315,0,13.7,0.3327,0,13.7,0.3459,0.0007,13.7,0.3702,-0.0001
13.75,0.3415,,13.75,0.4518,,13.75,0.3804,,13.75,0.3166,,13.75,0.3348,,13.75,0.3475,,13.75,0.3716,
13.8,0.3431,0.0002,13.8,0.454,0.0002,13.8,0.3804,-0.0003,13.8,0.3181,0,13.8,0.3369,0,13.8,0.3489,0.0006,13.8,0.3732,-0.0001
13.85,0.3447,,13.85,0.4564,,13.85,0.3804,,13.85,0.3195,,13.85,0.3392,,13.85,0.3504,,13.85,0.3749,
13.9,0.3464,0.0002,13.9,0.4588,0.0002,13.9,0.3804,-0.0003,13.9,0.3208,0,13.9,0.3416,0,13.9,0.3519,0.0006,13.9,0.3766,-0.0001
13.95,0.348,,13.95,0.4613,,13.95,0.3805,,13.95,0.3219,,13.95,0.3439,,13.95,0.3535,,13.95,0.3784,
14,0.3495,0.0002,14,0.464,0.0002,14,0.3808,-0.0003,14,0.323,0,14,0.3461,0,14,0.355,0.0006,14,0.3804,-0.0001
14.05,0.351,,14.05,0.4666,,14.05,0.3809,,14.05,0.324,,14.05,0.3482,,14.05,0.3567,,14.05,0.3825,
14.1,0.3526,0.0002,14.1,0.4693,0.0001,14.1,0.3811,-0.0003,14.1,0.3249,0,14.1,0.3503,0,14.1,0.3584,0.0005,14.1,0.3847,-0.0001
14.15,0.3541,,14.15,0.472,,14.15,0.3813,,14.15,0.3259,,14.15,0.3522,,14.15,0.36,,14.15,0.387,
14.2,0.3555,0.0002,14.2,0.4746,0.0001,14.2,0.3814,-0.0003,14.2,0.327,0,14.2,0.3541,0,14.2,0.3617,0.0005,14.2,0.3892,-0.0001
14.25,0.3567,,14.25,0.4772,,14.25,0.3815,,14.25,0.3282,,14.25,0.3559,,14.25,0.3634,,14.25,0.3913,
14.3,0.358,0.0002,14.3,0.4797,0.0001,14.3,0.3817,-0.0003,14.3,0.3295,0,14.3,0.3575,0,14.3,0.365,0.0005,14.3,0.3932,-0.00009
14.35,0.3592,,14.35,0.4823,,14.35,0.3819,,14.35,0.331,,14.35,0.3591,,14.35,0.3667,,14.35,0.3948,
14.4,0.3604,0.0002,14.4,0.4848,0.0001,14.4,0.382,-0.0003,14.4,0.3325,0,14.4,0.3605,0,14.4,0.3682,0.0005,14.4,0.3963,-0.00009
14.45,0.3617,,14.45,0.4873,,14.45,0.3822,,14.45,0.3342,,14.45,0.3616,,14.45,0.3698,,14.45,0.3976,
14.5,0.363,0.0002,14.5,0.4895,0.0001,14.5,0.3822,-0.0003,14.5,0.3359,0,14.5,0.3627,0,14.5,0.3711,0.0004,14.5,0.3989,-0.00009
14.55,0.3646,,14.55,0.4916,,14.55,0.3823,,14.55,0.3376,,14.55,0.3637,,14.55,0.3723,,14.55,0.4002,
14.6,0.3662,0.0002,14.6,0.4936,0.0001,14.6,0.3824,-0.0003,14.6,0.3393,0,14.6,0.3647,0,14.6,0.3733,0.0004,14.6,0.4016,-0.00008
14.65,0.3678,,14.65,0.4955,,14.65,0.3824,,14.65,0.3409,,14.65,0.3656,,14.65,0.3741,,14.65,0.403,
14.7,0.3695,0.0002,14.7,0.4974,0.0001,14.7,0.3824,-0.0003,14.7,0.3424,0,14.7,0.3666,0,14.7,0.375,0.0004,14.7,0.4044,-0.00008
14.75,0.371,,14.75,0.4995,,14.75,0.3825,,14.75,0.3438,,14.75,0.3678,,14.75,0.3759,,14.75,0.4058,
14.8,0.3726,0.0002,14.8,0.5016,0.00009,14.8,0.3825,-0.0003,14.8,0.345,0,14.8,0.369,0,14.8,0.3767,0.0004,14.8,0.4072,-0.00008
14.85,0.3741,,14.85,0.5038,,14.85,0.3825,,14.85,0.3461,,14.85,0.3703,,14.85,0.3777,,14.85,0.4085,
14.9,0.3755,0.0001,14.9,0.5062,0.00009,14.9,0.3825,-0.0003,14.9,0.347,0,14.9,0.3716,0,14.9,0.3788,0.0004,14.9,0.4099,-0.00007
14.95,0.3769,,14.95,0.5085,,14.95,0.3825,,14.95,0.3479,,14.95,0.3729,,14.95,0.3799,,14.95,0.4112,
15,0.3783,0.0001,15,0.5108,0.00009,15,0.3825,-0.0003,15,0.3487,0,15,0.3742,0,15,0.3811,0.0004,15,0.4125,-0.00007
15.05,0.3797,,15.05,0.5131,,15.05,0.3825,,15.05,0.3496,,15.05,0.3757,,15.05,0.3825,,15.05,0.4137,
15.1,0.3811,0.0001,15.1,0.5152,0.00008,15.1,0.3825,-0.0003,15.1,0.3507,0,15.1,0.3773,0,15.1,0.3838,0.0003,15.1,0.4151,-0.00007
15.15,0.3826,,15.15,0.5173,,15.15,0.3825,,15.15,0.3517,,15.15,0.3789,,15.15,0.3851,,15.15,0.4166,
15.2,0.384,0.0001,15.2,0.5193,0.00008,15.2,0.3825,-0.0003,15.2,0.3528,0,15.2,0.3808,0,15.2,0.3862,0.0003,15.2,0.4182,-0.00007
15.25,0.3852,,15.25,0.5211,,15.25,0.3825,,15.25,0.3541,,15.25,0.3829,,15.25,0.3872,,15.25,0.4197,
15.3,0.3863,0.0001,15.3,0.5228,0.00007,15.3,0.3825,-0.0003,15.3,0.3553,0,15.3,0.385,0,15.3,0.3883,0.0003,15.3,0.4212,-0.00006
15.35,0.3873,,15.35,0.5243,,15.35,0.3825,,15.35,0.3566,,15.35,0.3871,,15.35,0.3896,,15.35,0.4226,
15.4,0.3881,0.0001,15.4,0.5257,0.00007,15.4,0.3825,-0.0003,15.4,0.3579,0,15.4,0.3893,0,15.4,0.3911,0.0003,15.4,0.4239,-0.00006
15.45,0.3889,,15.45,0.5269,,15.45,0.3825,,15.45,0.3591,,15.45,0.3913,,15.45,0.3929,,15.45,0.4253,
15.5,0.39,0.0001,15.5,0.5282,0.00007,15.5,0.3824,-0.0003,15.5,0.3603,0,15.5,0.3932,0,15.5,0.3948,0.0003,15.5,0.4266,-0.00006
15.55,0.3912,,15.55,0.5294,,15.55,0.3824,,15.55,0.3616,,15.55,0.3951,,15.55,0.397,,15.55,0.4278,
15.6,0.3924,0.0001,15.6,0.5306,0.00007,15.6,0.3824,-0.0003,15.6,0.3629,0,15.6,0.397,0,15.6,0.3993,0.0003,15.6,0.4292,-0.00005
15.65,0.3936,,15.65,0.5318,,15.65,0.3824,,15.65,0.3641,,15.65,0.399,,15.65,0.4016,,15.65,0.4306,
15.7,0.395,0.0001,15.7,0.5332,0.00007,15.7,0.3824,-0.0003,15.7,0.3655,0,15.7,0.4009,0,15.7,0.4038,0.0003,15.7,0.432,-0.00005
15.75,0.3965,,15.75,0.5346,,15.75,0.3824,,15.75,0.3668,,15.75,0.4028,,15.75,0.4058,,15.75,0.4335,
15.8,0.398,0.0001,15.8,0.5362,0.00006,15.8,0.3824,-0.0003,15.8,0.3682,0,15.8,0.4047,-0.001,15.8,0.4077,0.0002,15.8,0.4351,-0.00005
15.85,0.3997,,15.85,0.5379,,15.85,0.3824,,15.85,0.3696,,15.85,0.4066,,15.85,0.4092,,15.85,0.4365,
15.9,0.4012,0.0001,15.9,0.5396,0.00006,15.9,0.3824,-0.0003,15.9,0.371,0,15.9,0.4084,-0.0009,15.9,0.4106,0.0002,15.9,0.4379,-0.00005
15.95,0.4028,,15.95,0.5412,,15.95,0.3824,,15.95,0.3724,,15.95,0.4104,,15.95,0.4119,,15.95,0.4392,
16,0.4044,0.00009,16,0.5429,0.00006,16,0.3823,-0.0003,16,0.3738,0,16,0.4123,-0.0008,16,0.4129,0.0002,16,0.4405,-0.00005
16.05,0.406,,16.05,0.5444,,16.05,0.3823,,16.05,0.3754,,16.05,0.4143,,16.05,0.4139,,16.05,0.4417,
16.1,0.4077,0.00009,16.1,0.546,0.00006,16.1,0.3823,-0.0003,16.1,0.3769,0,16.1,0.416,-0.0008,16.1,0.4148,0.0002,16.1,0.4425,-0.00005
16.15,0.4093,,16.15,0.5474,,16.15,0.3823,,16.15,0.3786,,16.15,0.4175,,16.15,0.4158,,16.15,0.4433,
16.2,0.4107,0.00008,16.2,0.5488,0.00006,16.2,0.3822,-0.0003,16.2,0.3804,0,16.2,0.4192,-0.0007,16.2,0.4167,0.0002,16.2,0.4441,-0.00005
16.25,0.4123,,16.25,0.5499,,16.25,0.3822,,16.25,0.3822,,16.25,0.4207,,16.25,0.4176,,16.25,0.445,
16.3,0.4139,0.00008,16.3,0.551,0.00006,16.3,0.3822,-0.0003,16.3,0.3839,0,16.3,0.4221,-0.0007,16.3,0.4186,0.0002,16.3,0.446,-0.00004
16.35,0.4158,,16.35,0.552,,16.35,0.3822,,16.35,0.3857,,16.35,0.4235,,16.35,0.4195,,16.35,0.4473,
16.4,0.4178,0.00008,16.4,0.5528,0.00006,16.4,0.3822,-0.0003,16.4,0.3874,0,16.4,0.4249,-0.0006,16.4,0.4203,0.0002,16.4,0.4487,-0.00004
16.45,0.4198,,16.45,0.5536,,16.45,0.3822,,16.45,0.389,,16.45,0.4264,,16.45,0.4212,,16.45,0.4502,
16.5,0.4219,0.00007,16.5,0.5545,0.00005,16.5,0.3822,-0.0003,16.5,0.3906,0,16.5,0.4279,-0.0006,16.5,0.4221,0.0002,16.5,0.4517,-0.00004
16.55,0.4241,,16.55,0.5556,,16.55,0.3822,,16.55,0.392,,16.55,0.4293,,16.55,0.423,,16.55,0.4531,
16.6,0.4265,0.00007,16.6,0.5568,0.00005,16.6,0.3822,-0.0003,16.6,0.3934,0,16.6,0.4308,-0.0006,16.6,0.4239,0.0002,16.6,0.4545,-0.00004
16.65,0.4288,,16.65,0.5579,,16.65,0.3822,,16.65,0.3948,,16.65,0.4324,,16.65,0.4248,,16.65,0.4557,
16.7,0.4311,0.00006,16.7,0.5589,0.00005,16.7,0.3822,-0.0003,16.7,0.3961,0,16.7,0.4342,-0.0005,16.7,0.4258,0.0002,16.7,0.457,-0.00004
16.75,0.4331,,16.75,0.56,,16.75,0.3822,,16.75,0.3975,,16.75,0.4359,,16.75,0.427,,16.75,0.4582,
16.8,0.4349,0.00006,16.8,0.5611,0.00005,16.8,0.3822,-0.0003,16.8,0.399,0,16.8,0.4377,-0.0005,16.8,0.4284,0.0002,16.8,0.4596,-0.00004
16.85,0.4364,,16.85,0.5621,,16.85,0.3822,,16.85,0.4006,,16.85,0.4396,,16.85,0.4298,,16.85,0.4612,
16.9,0.4376,0.00006,16.9,0.563,0.00005,16.9,0.3822,-0.0003,16.9,0.4022,0,16.9,0.4413,-0.0005,16.9,0.4313,0.0002,16.9,0.4627,-0.00004
16.95,0.4385,,16.95,0.5636,,16.95,0.3822,,16.95,0.4039,,16.95,0.443,,16.95,0.4329,,16.95,0.4641,
17,0.4396,0.00006,17,0.5638,0.00005,17,0.3822,-0.0003,17,0.4056,0,17,0.4445,-0.0004,17,0.4343,0.0002,17,0.4655,-0.00004
17.05,0.4406,,17.05,0.5638,,17.05,0.3822,,17.05,0.4071,,17.05,0.4461,,17.05,0.4356,,17.05,0.4666,
17.1,0.4416,0.00005,17.1,0.5638,0.00005,17.1,0.3822,-0.0003,17.1,0.4086,0,17.1,0.4476,-0.0004,17.1,0.4369,0.0002,17.1,0.4677,-0.00003
17.15,0.4425,,17.15,0.5638,,17.15,0.3825,,17.15,0.41,,17.15,0.4491,,17.15,0.4381,,17.15,0.4693,
17.2,0.4433,0.00005,17.2,0.5638,0.00005,17.2,0.3832,-0.0003,17.2,0.4113,0.001,17.2,0.4506,-0.0004,17.2,0.4392,0.0002,17.2,0.4709,-0.00003
17.25,0.4441,,17.25,0.5638,,17.25,0.3843,,17.25,0.4126,,17.25,0.4522,,17.25,0.4404,,17.25,0.4727,
17.3,0.445,0.00005,17.3,0.5638,0.00005,17.3,0.3858,-0.0003,17.3,0.414,0.0009,17.3,0.4539,-0.0004,17.3,0.4416,0.0002,17.3,0.4744,-0.00003
17.35,0.446,,17.35,0.5638,,17.35,0.3877,,17.35,0.4154,,17.35,0.4557,,17.35,0.4427,,17.35,0.4763,
17.4,0.4469,0.00005,17.4,0.5638,0.00005,17.4,0.3895,-0.0002,17.4,0.4169,0.0009,17.4,0.4575,-0.0003,17.4,0.4439,0.0002,17.4,0.4782,-0.00003
17.45,0.4478,,17.45,0.5639,,17.45,0.3913,,17.45,0.4186,,17.45,0.4594,,17.45,0.4452,,17.45,0.4803,
17.5,0.4486,0.00005,17.5,0.5639,0.00005,17.5,0.3929,-0.0002,17.5,0.4204,0.0008,17.5,0.4612,-0.0003,17.5,0.4462,0.0001,17.5,0.4823,-0.00003
17.55,0.4494,,17.55,0.5639,,17.55,0.3945,,17.55,0.4222,,17.55,0.4632,,17.55,0.4473,,17.55,0.4843,
17.6,0.4502,0.00005,17.6,0.5638,0.00005,17.6,0.396,-0.0002,17.6,0.4239,0.0008,17.6,0.4652,-0.0003,17.6,0.4484,0.0001,17.6,0.4862,-0.00003
17.65,0.451,,17.65,0.564,,17.65,0.3975,,17.65,0.4256,,17.65,0.4674,,17.65,0.4496,,17.65,0.488,
17.7,0.4519,0.00005,17.7,0.5641,0.00005,17.7,0.3989,-0.0002,17.7,0.4272,0.0007,17.7,0.4697,-0.0003,17.7,0.4509,0.0001,17.7,0.4896,-0.00003
17.75,0.453,,17.75,0.564,,17.75,0.4001,,17.75,0.4287,,17.75,0.4719,,17.75,0.4524,,17.75,0.4911,
17.8,0.4542,0.00004,17.8,0.564,0.00005,17.8,0.4011,-0.0002,17.8,0.4302,0.0007,17.8,0.4741,-0.0002,17.8,0.4539,0.0001,17.8,0.4924,-0.00003
17.85,0.4553,,17.85,0.564,,17.85,0.402,,17.85,0.4318,,17.85,0.4763,,17.85,0.4555,,17.85,0.4936,
17.9,0.4563,0.00005,17.9,0.564,0.00005,17.9,0.4029,-0.0002,17.9,0.4331,0.0006,17.9,0.4783,-0.0002,17.9,0.4571,0.0001,17.9,0.4946,-0.00003
17.95,0.4574,,17.95,0.564,,17.95,0.4038,,17.95,0.4346,,17.95,0.4802,,17.95,0.4586,,17.95,0.4956,
18,0.4586,0.00004,18,0.564,0.00005,18,0.4048,-0.0002,18,0.4361,0.0006,18,0.4819,-0.0002,18,0.4601,0.0001,18,0.4964,-0.00003
18.05,0.4597,,18.05,0.564,,18.05,0.4058,,18.05,0.4375,,18.05,0.4836,,18.05,0.4616,,18.05,0.4974,
18.1,0.4609,0.00004,18.1,0.564,0.00005,18.1,0.4069,-0.0002,18.1,0.4389,0.0006,18.1,0.4853,-0.0002,18.1,0.463,0.0001,18.1,0.4984,-0.00003
18.15,0.462,,18.15,0.564,,18.15,0.4082,,18.15,0.4403,,18.15,0.4869,,18.15,0.4645,,18.15,0.4994,
18.2,0.4631,0.00004,18.2,0.564,0.00005,18.2,0.4095,-0.0002,18.2,0.4418,0.0005,18.2,0.4887,-0.0002,18.2,0.4661,0.0001,18.2,0.5005,-0.00003
18.25,0.4643,,18.25,0.564,,18.25,0.4109,,18.25,0.4432,,18.25,0.4904,,18.25,0.4678,,18.25,0.5017,
18.3,0.4652,0.00004,18.3,0.564,0.00005,18.3,0.4124,-0.0002,18.3,0.4448,0.0005,18.3,0.4921,-0.0002,18.3,0.4694,0.0001,18.3,0.503,-0.00003
18.35,0.4661,,18.35,0.564,,18.35,0.4139,,18.35,0.4462,,18.35,0.4939,,18.35,0.471,,18.35,0.5044,
18.4,0.4667,0.00004,18.4,0.564,0.00005,18.4,0.4154,-0.0001,18.4,0.4477,0.0005,18.4,0.4956,-0.0002,18.4,0.4725,0.0001,18.4,0.5057,-0.00002
18.45,0.4673,,18.45,0.564,,18.45,0.4168,,18.45,0.4492,,18.45,0.4972,,18.45,0.474,,18.45,0.5071,
18.5,0.468,0.00004,18.5,0.564,0.00005,18.5,0.418,-0.0001,18.5,0.4507,0.0005,18.5,0.4988,-0.0002,18.5,0.4755,0.0001,18.5,0.5084,-0.00002
18.55,0.4688,,18.55,0.564,,18.55,0.4192,,18.55,0.4522,,18.55,0.5003,,18.55,0.477,,18.55,0.5097,
18.6,0.4696,0.00004,18.6,0.564,0.00005,18.6,0.4204,-0.0001,18.6,0.4536,0.0004,18.6,0.5016,-0.0002,18.6,0.4785,0.0001,18.6,0.511,-0.00002
18.65,0.4704,,18.65,0.564,,18.65,0.4218,,18.65,0.455,,18.65,0.503,,18.65,0.4799,,18.65,0.5124,
18.7,0.4712,0.00004,18.7,0.564,0.00005,18.7,0.4232,-0.0001,18.7,0.4563,0.0004,18.7,0.5044,-0.0002,18.7,0.4815,0.00009,18.7,0.5138,-0.00002
18.75,0.472,,18.75,0.564,,18.75,0.4248,,18.75,0.4577,,18.75,0.5057,,18.75,0.483,,18.75,0.515,
18.8,0.4728,0.00004,18.8,0.564,0.00005,18.8,0.4267,-0.0001,18.8,0.4592,0.0004,18.8,0.5072,-0.0001,18.8,0.4844,0.00009,18.8,0.5162,-0.00002
18.85,0.4737,,18.85,0.564,,18.85,0.4286,,18.85,0.4607,,18.85,0.5087,,18.85,0.4857,,18.85,0.5173,
18.9,0.4746,0.00004,18.9,0.564,0.00005,18.9,0.4303,-0.0001,18.9,0.4623,0.0004,18.9,0.5103,-0.0001,18.9,0.4869,0.00009,18.9,0.5185,-0.00002
18.95,0.4756,,18.95,0.564,,18.95,0.4321,,18.95,0.4639,,18.95,0.5119,,18.95,0.4881,,18.95,0.5199,
19,0.4765,0.00003,19,0.564,0.00005,19,0.4338,-0.0001,19,0.4654,0.0004,19,0.5133,-0.0001,19,0.4894,0.00009,19,0.5212,-0.00002
19.05,0.4774,,19.05,0.564,,19.05,0.4354,,19.05,0.4667,,19.05,0.5146,,19.05,0.4907,,19.05,0.5226,
19.1,0.4783,0.00003,19.1,0.564,0.00005,19.1,0.4372,-0.0001,19.1,0.468,0.0003,19.1,0.516,-0.0001,19.1,0.4921,0.00008,19.1,0.524,-0.00002
19.15,0.4793,,19.15,0.564,,19.15,0.4388,,19.15,0.4691,,19.15,0.5174,,19.15,0.4938,,19.15,0.5255,
19.2,0.4803,0.00003,19.2,0.564,0.00005,19.2,0.4402,-0.0001,19.2,0.4701,0.0003,19.2,0.5188,-0.0001,19.2,0.4954,0.00008,19.2,0.5269,-0.00002
19.25,0.4814,,19.25,0.564,,19.25,0.4414,,19.25,0.4711,,19.25,0.5204,,19.25,0.4971,,19.25,0.528,
19.3,0.4826,0.00003,19.3,0.564,0.00005,19.3,0.4424,-0.0001,19.3,0.472,0.0003,19.3,0.5221,-0.0001,19.3,0.4989,0.00008,19.3,0.529,-0.00002
19.35,0.4837,,19.35,0.564,,19.35,0.4431,,19.35,0.4728,,19.35,0.5239,,19.35,0.5008,,19.35,0.53,
19.4,0.4849,0.00003,19.4,0.564,,19.4,0.4437,-0.00009,19.4,0.4738,0.0003,19.4,0.5258,-0.0001,19.4,0.5028,0.00007,19.4,0.531,-0.00002
19.45,0.4862,,19.45,0.564,,19.45,0.4443,,19.45,0.4748,,19.45,0.5278,,19.45,0.5048,,19.45,0.5321,
19.5,0.4873,0.00003,,,,19.5,0.4449,-0.00009,19.5,0.4759,0.0003,19.5,0.5299,-0.0001,19.5,0.5068,0.00007,19.5,0.5334,-0.00002
19.55,0.4883,,,,,19.55,0.4452,,19.55,0.477,,19.55,0.5321,,19.55,0.5086,,19.55,0.5348,
19.6,0.4893,0.00003,,,,19.6,0.4452,-0.00009,19.6,0.4784,0.0003,19.6,0.5342,-0.0001,19.6,0.5104,0.00007,19.6,0.5364,-0.00002
19.65,0.4902,,,,,19.65,0.4452,,19.65,0.4799,,19.65,0.5362,,19.65,0.5121,,19.65,0.538,
19.7,0.4913,0.00003,,,,19.7,0.4452,-0.00009,19.7,0.4813,0.0003,19.7,0.538,-0.0001,19.7,0.5137,0.00006,19.7,0.5397,-0.00002
19.75,0.4923,,,,,19.75,0.4452,,19.75,0.4829,,19.75,0.5398,,19.75,0.5152,,19.75,0.5413,
19.8,0.4933,0.00003,,,,19.8,0.4452,-0.00009,19.8,0.4844,0.0003,19.8,0.5417,-0.00009,19.8,0.5165,0.00006,19.8,0.5427,-0.00002
19.85,0.4942,,,,,19.85,0.4452,,19.85,0.4861,,19.85,0.5434,,19.85,0.5177,,19.85,0.5438,
19.9,0.495,0.00003,,,,19.9,0.4451,-0.00009,19.9,0.4878,0.0002,19.9,0.5452,-0.00009,19.9,0.519,0.00006,19.9,0.5448,-0.00002
19.95,0.4958,,,,,19.95,0.4451,,19.95,0.4894,,19.95,0.547,,19.95,0.5201,,19.95,0.546,
20,0.4966,0.00003,,,,20,0.4451,-0.00009,20,0.4909,0.0002,20,0.5488,-0.00008,20,0.5211,0.00006,20,0.5474,-0.00002
20.05,0.4973,,,,,20.05,0.4451,,20.05,0.4924,,20.05,0.5508,,20.05,0.5222,,20.05,0.5488,
20.1,0.498,0.00003,,,,20.1,0.4451,-0.00009,20.1,0.494,0.0002,20.1,0.5526,-0.00008,20.1,0.5232,0.00006,20.1,0.5503,-0.00002
20.15,0.4985,,,,,20.15,0.4451,,20.15,0.4954,,20.15,0.5544,,20.15,0.5244,,20.15,0.5517,
20.2,0.499,0.00003,,,,20.2,0.4451,-0.00009,20.2,0.4968,0.0002,20.2,0.5558,-0.00008,20.2,0.5256,0.00006,20.2,0.5531,-0.00002
20.25,0.4994,,,,,20.25,0.4451,,20.25,0.4981,,20.25,0.5571,,20.25,0.5269,,20.25,0.5544,
20.3,0.4997,0.00002,,,,20.3,0.4451,-0.00009,20.3,0.4995,0.0002,20.3,0.5582,-0.00008,20.3,0.5283,0.00006,20.3,0.5555,-0.00002
20.35,0.4998,,,,,20.35,0.445,,20.35,0.5008,,20.35,0.5592,,20.35,0.5299,,20.35,0.5565,
20.4,0.4998,0.00002,,,,20.4,0.445,-0.00009,20.4,0.5023,0.0002,20.4,0.5602,-0.00008,20.4,0.5316,0.00005,20.4,0.5573,-0.00002
20.45,0.4998,,,,,20.45,0.4451,,20.45,0.5038,,20.45,0.5611,,20.45,0.5332,,20.45,0.558,
20.5,0.4998,0.00002,,,,20.5,0.4451,-0.00009,20.5,0.5053,0.0002,20.5,0.562,-0.00007,20.5,0.5348,0.00005,20.5,0.5587,-0.00002
20.55,0.4998,,,,,20.55,0.4451,,20.55,0.5069,,20.55,0.5631,,20.55,0.5362,,20.55,0.5592,
20.6,0.4998,0.00002,,,,20.6,0.4451,-0.00009,20.6,0.5086,0.0002,20.6,0.5642,-0.00007,20.6,0.5377,0.00005,20.6,0.5596,-0.00002
20.65,0.4998,,,,,20.65,0.4451,,20.65,0.5103,,20.65,0.5656,,20.65,0.539,,20.65,0.5598,
20.7,0.4998,0.00002,,,,20.7,0.4451,-0.00009,20.7,0.512,0.0002,20.7,0.5672,-0.00007,20.7,0.5403,0.00005,20.7,0.5598,-0.00002
20.75,0.4998,,,,,20.75,0.4451,,20.75,0.5138,,20.75,0.569,,20.75,0.5415,,20.75,0.5598,
20.8,0.4998,0.00003,,,,20.8,0.4451,-0.00009,20.8,0.5153,0.0002,20.8,0.571,-0.00007,20.8,0.5427,0.00005,20.8,0.5598,-0.00002
20.85,0.4998,,,,,20.85,0.4451,,20.85,0.5168,,20.85,0.5731,,20.85,0.544,,20.85,0.5598,
20.9,0.4998,0.00002,,,,20.9,0.4451,-0.00009,20.9,0.5181,0.0002,20.9,0.5752,-0.00007,20.9,0.5455,0.00004,20.9,0.5598,-0.00002
20.95,0.4999,,,,,20.95,0.4451,,20.95,0.5195,,20.95,0.5774,,20.95,0.5471,,20.95,0.5598,
21,0.5,0.00002,,,,21,0.4451,-0.00009,21,0.5208,0.0001,21,0.5793,-0.00006,21,0.5487,0.00004,21,0.5598,-0.00002
21.05,0.5,,,,,21.05,0.4451,,21.05,0.5222,,21.05,0.5809,,21.05,0.5503,,21.05,0.5599,
21.1,0.5,0.00003,,,,21.1,0.4451,-0.00009,21.1,0.5235,0.0001,21.1,0.5821,-0.00006,21.1,0.5519,0.00004,21.1,0.56,-0.00002
21.15,0.5,,,,,21.15,0.4451,,21.15,0.5248,,21.15,0.5832,,21.15,0.5533,,21.15,0.56,
21.2,0.4998,0.00002,,,,21.2,0.4451,-0.00009,21.2,0.5263,0.0001,21.2,0.5841,-0.00006,21.2,0.5544,0.00004,21.2,0.56,-0.00002
21.25,0.5,,,,,21.25,0.4451,,21.25,0.528,,21.25,0.5851,,21.25,0.5555,,21.25,0.5599,
21.3,0.5001,0.00002,,,,21.3,0.4451,-0.00009,21.3,0.5297,0.0001,21.3,0.586,-0.00006,21.3,0.5565,0.00004,21.3,0.5599,-0.00002
21.35,0.5001,,,,,21.35,0.4451,,21.35,0.5313,,21.35,0.5869,,21.35,0.5575,,21.35,0.5599,
21.4,0.5001,0.00002,,,,21.4,0.4451,-0.00009,21.4,0.5329,0.0001,21.4,0.5878,-0.00006,21.4,0.5586,0.00004,21.4,0.5599,-0.00002
21.45,0.5001,,,,,21.45,0.4451,,21.45,0.5344,,21.45,0.5887,,21.45,0.5596,,21.45,0.5599,
21.5,0.5001,0.00002,,,,21.5,0.4451,-0.00009,21.5,0.5357,0.0001,21.5,0.5894,-0.00005,21.5,0.561,0.00004,21.5,0.5599,-0.00002
21.55,0.5001,,,,,21.55,0.4451,,21.55,0.5367,,21.55,0.59,,21.55,0.5625,,21.55,0.5599,
21.6,0.5001,0.00002,,,,21.6,0.4451,-0.00009,21.6,0.5374,0.0001,21.6,0.5906,-0.00006,21.6,0.5642,0.00004,21.6,0.5599,-0.00002
21.65,0.5001,,,,,21.65,0.4451,,21.65,0.5379,,21.65,0.5914,,21.65,0.5657,,21.65,0.5599,
21.7,0.5001,0.00002,,,,21.7,0.4451,-0.00009,21.7,0.5383,0.0001,21.7,0.592,-0.00006,21.7,0.5673,0.00004,21.7,0.5599,-0.00002
21.75,0.5001,,,,,21.75,0.4451,,21.75,0.5386,,21.75,0.5925,,21.75,0.5689,,21.75,0.5599,
21.8,0.5001,0.00002,,,,21.8,0.4451,-0.00009,21.8,0.539,0.0001,21.8,0.5927,-0.00006,21.8,0.5705,0.00004,21.8,0.5599,-0.00002
21.85,0.5001,,,,,21.85,0.4451,,21.85,0.5394,,21.85,0.5927,,21.85,0.5721,,21.85,0.5599,
21.9,0.5001,0.00003,,,,21.9,0.4451,-0.00009,21.9,0.5399,0.0001,21.9,0.5927,-0.00005,21.9,0.5736,0.00004,21.9,0.5599,-0.00002
21.95,0.5001,,,,,21.95,0.4451,,21.95,0.5405,,21.95,0.5927,,21.95,0.575,,21.95,0.5599,
22,0.5001,0.00002,,,,22,0.4451,-0.00009,22,0.5411,0.0001,22,0.5927,-0.00006,22,0.5761,0.00003,22,0.5599,
22.05,0.5001,,,,,22.05,0.4451,,22.05,0.5415,,22.05,0.5927,,22.05,0.5771,,,,
22.1,0.5001,0.00002,,,,22.1,0.4451,-0.00009,22.1,0.5418,0.0001,22.1,0.5927,-0.00006,22.1,0.5779,0.00003,,,
22.15,0.5001,,,,,22.15,0.4451,,22.15,0.5421,,22.15,0.5927,,22.15,0.5785,,,,
22.2,0.5001,0.00002,,,,22.2,0.4451,-0.00009,22.2,0.5423,0.0001,22.2,0.5926,-0.00006,22.2,0.579,0.00003,,,
22.25,0.5001,,,,,22.25,0.4451,,22.25,0.5427,,22.25,0.5926,,22.25,0.5792,,,,
22.3,0.5001,0.00002,,,,22.3,0.4451,-0.00009,22.3,0.5432,0.0001,22.3,0.5926,-0.00005,22.3,0.5793,0.00003,,,
22.35,0.5001,,,,,22.35,0.4451,,22.35,0.5437,,22.35,0.5933,,22.35,0.5793,,,,
22.4,0.5001,0.00002,,,,22.4,0.4451,-0.00009,22.4,0.5442,0.0001,22.4,0.5939,-0.00005,22.4,0.5793,0.00003,,,
22.45,0.5001,,,,,22.45,0.4451,,22.45,0.5447,,22.45,0.5941,,22.45,0.5793,,,,
22.5,0.5001,0.00002,,,,22.5,0.4451,-0.00009,22.5,0.5452,0.0001,22.5,0.5941,-0.00006,22.5,0.5793,0.00003,,,
22.55,0.5001,,,,,22.55,0.4451,,22.55,0.5458,,22.55,0.5941,,22.55,0.5792,,,,
22.6,0.5001,0.00002,,,,22.6,0.4451,-0.00009,22.6,0.5463,0.0001,22.6,0.5943,-0.00006,22.6,0.5792,0.00003,,,
22.65,0.5001,,,,,22.65,0.4451,,22.65,0.5468,,22.65,0.5943,,22.65,0.5792,,,,
22.7,0.5001,0.00002,,,,22.7,0.4451,-0.00009,22.7,0.5471,0.0001,22.7,0.5943,-0.00005,22.7,0.5792,0.00003,,,
22.75,0.5001,,,,,22.75,0.4451,,22.75,0.5471,,22.75,0.5943,,22.75,0.5791,,,,
22.8,0.5001,0.00002,,,,22.8,0.4451,-0.00009,22.8,0.547,0.0001,22.8,0.5943,-0.00005,22.8,0.5792,0.00003,,,
22.85,0.5001,,,,,22.85,0.4451,,22.85,0.547,,22.85,0.5943,,22.85,0.5791,,,,
22.9,0.5001,0.00002,,,,22.9,0.4451,-0.0001,22.9,0.547,0.0001,22.9,0.5943,-0.00005,22.9,0.579,0.00003,,,
22.95,0.5001,,,,,22.95,0.4451,,22.95,0.547,,22.95,0.5943,,22.95,0.5791,,,,
23,0.5001,0.00002,,,,23,0.4451,-0.00009,23,0.547,0.0001,23,0.5943,-0.00006,23,0.5792,0.00003,,,
23.05,0.5001,,,,,23.05,0.4451,,23.05,0.5469,,23.05,0.5943,,23.05,0.5792,,,,
23.1,0.5001,0.00002,,,,23.1,0.4451,-0.00009,23.1,0.5468,0.0001,23.1,0.5943,-0.00006,23.1,0.5792,0.00003,,,
23.15,0.5001,,,,,23.15,0.4451,,23.15,0.547,,23.15,0.5943,,23.15,0.5791,,,,
23.2,0.5001,0.00002,,,,23.2,0.4451,-0.00009,23.2,0.5472,0.0001,23.2,0.5943,-0.00006,23.2,0.5791,0.00003,,,
23.25,0.5001,,,,,23.25,0.4451,,23.25,0.5474,,23.25,0.5943,,23.25,0.5791,,,,
23.3,0.5001,0.00002,,,,23.3,0.4451,-0.0001,23.3,0.5473,0.0001,23.3,0.5943,-0.00006,23.3,0.5791,0.00003,,,
23.35,0.5001,,,,,23.35,0.4451,,23.35,0.5473,,23.35,0.5943,,23.35,0.5791,,,,
23.4,0.5001,0.00002,,,,23.4,0.4451,-0.00009,23.4,0.5473,0.0001,23.4,0.5943,-0.00006,23.4,0.5791,0.00003,,,
23.45,0.5001,,,,,23.45,0.4451,,23.45,0.5473,,23.45,0.5943,,23.45,0.5791,,,,
23.5,0.5001,0.00002,,,,23.5,0.4451,-0.0001,23.5,0.5473,0.0001,23.5,0.5943,-0.00005,23.5,0.5791,0.00003,,,
23.55,0.5001,,,,,23.55,0.4451,,23.55,0.5473,,23.55,0.5943,,23.55,0.5791,,,,
23.6,0.5001,0.00002,,,,23.6,0.4451,-0.00009,23.6,0.5473,0.0001,23.6,0.5943,-0.00005,23.6,0.5791,0.00003,,,
23.65,0.5001,,,,,23.65,0.4451,,23.65,0.5473,,23.65,0.5943,,23.65,0.5791,,,,
23.7,0.5001,0.00002,,,,23.7,0.4451,-0.00009,23.7,0.5473,0.0001,23.7,0.5943,,23.7,0.5791,0.00003,,,
23.75,0.5001,,,,,23.75,0.4451,,23.75,0.5473,,,,,23.75,0.5791,,,,
23.8,0.5001,0.00002,,,,23.8,0.4451,-0.00009,23.8,0.5473,0.0001,,,,23.8,0.5791,0.00003,,,
23.85,0.5001,,,,,23.85,0.4451,,23.85,0.5473,,,,,23.85,0.5791,,,,
23.9,0.5001,0.00002,,,,23.9,0.4451,-0.00009,23.9,0.5473,0.0001,,,,23.9,0.5791,0.00003,,,
23.95,0.5001,,,,,23.95,0.4451,,23.95,0.5473,,,,,23.95,0.5791,,,,
24,0.5001,0.00002,,,,24,0.4451,-0.0001,24,0.5473,0.0001,,,,24,0.5791,,,,
24.05,0.5001,,,,,24.05,0.4451,,24.05,0.5473,,,,,24.05,0.5791,,,,
24.1,0.5001,0.00002,,,,24.1,0.4451,-0.0001,24.1,0.5473,0.0001,,,,,,,,,
24.15,0.5001,,,,,24.15,0.4451,,24.15,0.5473,,,,,,,,,,
24.2,0.5001,0.00002,,,,24.2,0.4451,-0.00009,24.2,0.5473,0.0001,,,,,,,,,
24.25,0.5001,,,,,24.25,0.4451,,24.25,0.5473,,,,,,,,,,
24.3,0.5001,0.00002,,,,24.3,0.4451,-0.00009,24.3,0.5473,0.0001,,,,,,,,,
24.35,0.5001,,,,,24.35,0.4451,,24.35,0.5473,,,,,,,,,,
24.4,0.5001,0.00002,,,,24.4,0.4451,-0.00009,24.4,0.5473,0.0001,,,,,,,,,
24.45,0.5001,,,,,24.45,0.4451,,24.45,0.5473,,,,,,,,,,
24.5,0.5001,0.00002,,,,24.5,0.4451,-0.0001,24.5,0.5473,0.0001,,,,,,,,,
24.55,0.5001,,,,,24.55,0.4451,,24.55,0.5473,,,,,,,,,,
24.6,0.5001,0.00002,,,,24.6,0.4451,-0.00009,24.6,0.5473,,,,,,,,,,
24.65,0.5001,,,,,24.65,0.4451,,24.65,0.5473,,,,,,,,,,
24.7,0.5001,0.00002,,,,24.7,0.4451,-0.00009,,,,,,,,,,,,
24.75,0.5001,,,,,24.75,0.4451,,,,,,,,,,,,,
24.8,0.5001,0.00002,,,,24.8,0.4451,-0.00009,,,,,,,,,,,,
24.85,0.5001,,,,,24.85,0.4451,,,,,,,,,,,,,
24.9,0.5001,0.00002,,,,24.9,0.4451,-0.00009,,,,,,,,,,,,
24.95,0.5001,,,,,24.95,0.4451,,,,,,,,,,,,,
25,0.5001,0.00002,,,,25,0.4451,-0.00009,,,,,,,,,,,,
25.05,0.5001,,,,,25.05,0.4451,,,,,,,,,,,,,
25.1,0.5001,0.00002,,,,25.1,0.4451,-0.00009,,,,,,,,,,,,
25.15,0.5001,,,,,25.15,0.4451,,,,,,,,,,,,,
25.2,0.5001,0.00002,,,,25.2,0.4451,-0.0001,,,,,,,,,,,,
25.25,0.5001,,,,,25.25,0.4451,,,,,,,,,,,,,
25.3,0.5001,0.00002,,,,25.3,0.4451,-0.0001,,,,,,,,,,,,
25.35,0.5001,,,,,25.35,0.4451,,,,,,,,,,,,,
25.4,0.5001,0.00002,,,,25.4,0.4451,-0.00009,,,,,,,,,,,,
25.45,0.5001,,,,,25.45,0.4451,,,,,,,,,,,,,
25.5,0.5001,0.00002,,,,25.5,0.4451,-0.00009,,,,,,,,,,,,
25.55,0.5001,,,,,25.55,0.4451,,,,,,,,,,,,,
25.6,0.5001,0.00002,,,,25.6,0.4451,-0.00009,,,,,,,,,,,,
25.65,0.5001,,,,,25.65,0.4451,,,,,,,,,,,,,
25.7,0.5001,0.00002,,,,25.7,0.4451,-0.00009,,,,,,,,,,,,
25.75,0.5001,,,,,25.75,0.4451,,,,,,,,,,,,,
25.8,0.5001,0.00002,,,,25.8,0.4451,-0.00009,,,,,,,,,,,,
25.85,0.5001,,,,,25.85,0.4451,,,,,,,,,,,,,
25.9,0.5001,0.00002,,,,25.9,0.4451,-0.0001,,,,,,,,,,,,
25.95,0.5001,,,,,25.95,0.4451,,,,,,,,,,,,,
26,0.5001,0.00002,,,,26,0.4451,-0.00009,,,,,,,,,,,,
26.05,0.5001,,,,,26.05,0.4451,,,,,,,,,,,,,
26.1,0.5001,0.00002,,,,26.1,0.4451,-0.00009,,,,,,,,,,,,
26.15,0.5001,,,,,26.15,0.4451,,,,,,,,,,,,,
26.2,0.5001,0.00002,,,,26.2,0.4451,-0.00009,,,,,,,,,,,,
26.25,0.5001,,,,,26.25,0.4451,,,,,,,,,,,,,
26.3,0.5001,,,,,26.3,0.4451,-0.00009,,,,,,,,,,,,
,,,,,,26.35,0.4451,,,,,,,,,,,,,
,,,,,,26.4,0.4451,-0.0001,,,,,,,,,,,,
,,,,,,26.45,0.4451,,,,,,,,,,,,,
,,,,,,26.5,0.4451,-0.0001,,,,,,,,,,,,
,,,,,,26.55,0.4451,,,,,,,,,,,,,
,,,,,,26.6,0.4451,-0.0001,,,,,,,,,,,,
,,,,,,26.65,0.4451,,,,,,,,,,,,,
,,,,,,26.7,0.4451,-0.0001,,,,,,,,,,,,
,,,,,,26.75,0.4451,,,,,,,,,,,,,
,,,,,,26.8,0.4451,-0.0001,,,,,,,,,,,,
,,,,,,26.85,0.4451,,,,,,,,,,,,,
,,,,,,26.9,0.4451,-0.0001,,,,,,,,,,,,
,,,,,,26.95,0.4451,,,,,,,,,,,,,
,,,,,,27,0.4451,-0.0001,,,,,,,,,,,,
,,,,,,27.05,0.4451,,,,,,,,,,,,,
,,,,,,27.1,0.4451,-0.0001,,,,,,,,,,,,
,,,,,,27.15,0.4451,,,,,,,,,,,,,
,,,,,,27.2,0.4451,-0.00009,,,,,,,,,,,,
,,,,,,27.25,0.4451,,,,,,,,,,,,,
,,,,,,27.3,0.4451,-0.0001,,,,,,,,,,,,
,,,,,,27.35,0.4451,,,,,,,,,,,,,
,,,,,,27.4,0.4451,-0.0001,,,,,,,,,,,,
,,,,,,27.45,0.4451,,,,,,,,,,,,,
,,,,,,27.5,0.4451,-0.0001,,,,,,,,,,,,
,,,,,,27.55,0.4451,,,,,,,,,,,,,
,,,,,,27.6,0.4451,-0.00009,,,,,,,,,,,,
,,,,,,27.65,0.4451,,,,,,,,,,,,,
,,,,,,27.7,0.4451,-0.0001,,,,,,,,,,,,
,,,,,,27.75,0.4451,,,,,,,,,,,,,
,,,,,,27.8,0.4451,-0.0001,,,,,,,,,,,,
,,,,,,27.85,0.4451,,,,,,,,,,,,,
,,,,,,27.9,0.4451,-0.0001,,,,,,,,,,,,
,,,,,,27.95,0.4451,,,,,,,,,,,,,
,,,,,,28,0.4451,-0.0001,,,,,,,,,,,,
,,,,,,28.05,0.4451,,,,,,,,,,,,,
,,,,,,28.1,0.4451,-0.0001,,,,,,,,,,,,
,,,,,,28.15,0.4451,,,,,,,,,,,,,
,,,,,,28.2,0.4451,-0.0001,,,,,,,,,,,,
,,,,,,28.25,0.4451,,,,,,,,,,,,,
,,,,,,28.3,0.4451,-0.0001,,,,,,,,,,,,
,,,,,,28.35,0.4451,,,,,,,,,,,,,
,,,,,,28.4,0.4451,-0.0001,,,,,,,,,,,,
,,,,,,28.45,0.4451,,,,,,,,,,,,,
,,,,,,28.5,0.4451,-0.0001,,,,,,,,,,,,
,,,,,,28.55,0.4451,,,,,,,,,,,,,
,,,,,,28.6,0.4451,-0.0001,,,,,,,,,,,,
,,,,,,28.65,0.4451,,,,,,,,,,,,,
,,,,,,28.7,0.4451,-0.0001,,,,,,,,,,,,
,,,,,,28.75,0.4451,,,,,,,,,,,,,
,,,,,,28.8,0.4451,-0.0001,,,,,,,,,,,,
,,,,,,28.85,0.4451,,,,,,,,,,,,,
,,,,,,28.9,0.4451,-0.0001,,,,,,,,,,,,
,,,,,,28.95,0.4451,,,,,,,,,,,,,
,,,,,,29,0.4451,-0.0001,,,,,,,,,,,,
,,,,,,29.05,0.4451,,,,,,,,,,,,,
,,,,,,29.1,0.4451,-0.0001,,,,,,,,,,,,
,,,,,,29.15,0.4451,,,,,,,,,,,,,
,,,,,,29.2,0.4451,-0.0001,,,,,,,,,,,,
,,,,,,29.25,0.4451,,,,,,,,,,,,,
,,,,,,29.3,0.4451,-0.0001,,,,,,,,,,,,
,,,,,,29.35,0.4451,,,,,,,,,,,,,
,,,,,,29.4,0.4451,-0.0001,,,,,,,,,,,,
,,,,,,29.45,0.4451,,,,,,,,,,,,,
,,,,,,29.5,0.4451,-0.0001,,,,,,,,,,,,
,,,,,,29.55,0.4451,,,,,,,,,,,,,
,,,,,,29.6,0.4451,-0.0001,,,,,,,,,,,,
,,,,,,29.65,0.4451,,,,,,,,,,,,,
,,,,,,29.7,0.4451,-0.0001,,,,,,,,,,,,
,,,,,,29.75,0.4451,,,,,,,,,,,,,
,,,,,,29.8,0.4451,-0.0001,,,,,,,,,,,,
,,,,,,29.85,0.4451,,,,,,,,,,,,,
,,,,,,29.9,0.4451,-0.0001,,,,,,,,,,,,
,,,,,,29.95,0.4451,,,,,,,,,,,,,
,,,,,,30,0.4451,-0.0001,,,,,,,,,,,,
,,,,,,30.05,0.4451,,,,,,,,,,,,,
,,,,,,30.1,0.4451,-0.0001,,,,,,,,,,,,
,,,,,,30.15,0.4451,,,,,,,,,,,,,
,,,,,,30.2,0.4451,-0.0001,,,,,,,,,,,,
,,,,,,30.25,0.4451,,,,,,,,,,,,,
,,,,,,30.3,0.4451,-0.00003,,,,,,,,,,,,
,,,,,,30.35,0.4451,,,,,,,,,,,,,
,,,,,,30.4,0.4451,-0.00002,,,,,,,,,,,,
,,,,,,30.45,0.4451,,,,,,,,,,,,,
,,,,,,30.5,0.4451,-0.00002,,,,,,,,,,,,
,,,,,,30.55,0.4451,,,,,,,,,,,,,
,,,,,,30.6,0.4451,-0.00002,,,,,,,,,,,,
,,,,,,30.65,0.4451,,,,,,,,,,,,,
,,,,,,30.7,0.4451,-0.00002,,,,,,,,,,,,
,,,,,,30.75,0.4451,,,,,,,,,,,,,
,,,,,,30.8,0.4451,-0.00002,,,,,,,,,,,,
,,,,,,30.85,0.4451,,,,,,,,,,,,,
,,,,,,30.9,0.4451,-0.00002,,,,,,,,,,,,
,,,,,,30.95,0.4451,,,,,,,,,,,,,
,,,,,,31,0.4451,-0.00002,,,,,,,,,,,,
,,,,,,31.05,0.4451,,,,,,,,,,,,,
,,,,,,31.1,0.4451,-0.00002,,,,,,,,,,,,
,,,,,,31.15,0.4451,,,,,,,,,,,,,
,,,,,,31.2,0.4451,-0.00001,,,,,,,,,,,,
,,,,,,31.25,0.4451,,,,,,,,,,,,,
,,,,,,31.3,0.4451,-0.00001,,,,,,,,,,,,
,,,,,,31.35,0.4451,,,,,,,,,,,,,
,,,,,,31.4,0.4451,-0.00002,,,,,,,,,,,,
,,,,,,31.45,0.4451,,,,,,,,,,,,,
,,,,,,31.5,0.4451,-0.00001,,,,,,,,,,,,
,,,,,,31.55,0.4451,,,,,,,,,,,,,
,,,,,,31.6,0.4451,-0.00002,,,,,,,,,,,,
,,,,,,31.65,0.4451,,,,,,,,,,,,,
,,,,,,31.7,0.4451,-0.00002,,,,,,,,,,,,
,,,,,,31.75,0.4451,,,,,,,,,,,,,
,,,,,,31.8,0.4451,-0.00002,,,,,,,,,,,,
,,,,,,31.85,0.4451,,,,,,,,,,,,,
,,,,,,31.9,0.4451,-0.00002,,,,,,,,,,,,
,,,,,,31.95,0.4451,,,,,,,,,,,,,
,,,,,,32,0.4451,-0.00002,,,,,,,,,,,,
,,,,,,32.05,0.4451,,,,,,,,,,,,,
,,,,,,32.1,0.4451,-0.00002,,,,,,,,,,,,
,,,,,,32.15,0.4451,,,,,,,,,,,,,
,,,,,,32.2,0.4451,-0.00002,,,,,,,,,,,,
,,,,,,32.25,0.4451,,,,,,,,,,,,,
,,,,,,32.3,0.4451,-0.00002,,,,,,,,,,,,
,,,,,,32.35,0.4451,,,,,,,,,,,,,
,,,,,,32.4,0.4451,,,,,,,,,,,,,
,,,,,,32.45,0.4451,,,,,,,,,,,,,
